Brand,rank
., 
0, 
1%, 
44, 
291, 
430, 
501, 
603, 
666,SASAGE
1921, 
6126, 
Apr-77, 
6-May, 
1982114251, 
22 OCTOBRE, SASAGE
LES BENJAMINS, 
- W. -, 
＆ by P＆D, 
＆ choice, 
＆LOVE, 
＆N, 
＆OtherStories, 
＆premium, 
＆things SELECT, 
WTAPS,SASAGE※商社必須 ※フェイク注意
...andJump, 
.9 point nine, 
.efiLevol, 
＋41 PROJECT, 
+8PARIS ROCK, 
#NAME?, 
#NAME?, 
02DERIV., 
08sircus,SASAGE※商社必須 
1 piu 1 uguale 3, SASAGE
1 to 10 people, 
1/2 Un-Demi MIHOKO SAITO, 
10AC, 
10Deep,サガール
120% lino, 
15jyugo, 
18th AMENDMENT, 
1984 BROADCAST THE MESSAGE, 
1metre carre, 
1piu1uguale3 RELAX, SASAGE
1パーセント, 
2 class.ics, 
2% TOKYO, 
"20,000,000fragments", 
20/80, 
202FACTORY, 
22 OCTOBRE, 
23区,SASAGE
23区 HOMME, 
24karats,サガール
24SURF_, 
291295＝HOMME, 
2B FREE, 
2-tacs, 
3.1 Phillip Lim,SASAGE※商社必須 
3×1, 
31 Sons de mode, 
330days, 
3rd by VANQUISH, 
40ｃｔ＆525, 
417byEDIFICE, 
45R,SASAGE
4℃, 
5+1 ANNAPURNA, 
50DUPPIES, 
5351 POUR LES FEMMES,SASAGE
5351 POUR LES HOMMES, 
5525Gallery, 
55DSL,SASAGE※商社必須 ※フェイク注意
575Denim, 
5PREVIEW, 
64 to the inch, 
68＆brothers, 
6゜vocale, 
7-ID concept., 
7Union,SASAGE
8010 GEKKO, 
81LDK, 
9*4, 
92nd Street shoe makers, 
A, 
A BATHING APE,SASAGE※フェイク注意 
A GOOD TIME PRODUCTION, 
A PAIR, 
a primary, 
A STORE, 
A VONTADE, 
A.BOTTEGA, 
A.D.A.D. DITIONAL.JAPAN, 
A.D.M.J, 
A.D.S.R., SASAGE
A.F.VANDEVORST, 
A.I.P, 
A.P.C.,SASAGE※商社必須 ※フェイク注意
A.S.M, 
A.TAKA, 
a.v.max, 
A.W.A, 
A・I・C, 
AAA, 
AAA+, 
ABAHOUSE, 
Abas, 
Abbey DAWN, 
Abel, 
Abercrombie＆Fitch,SASAGE※フェイク注意 
ability, 
ABRO, 
ACANTHUS, 
ACAPULCO GOLD, 
acca, 
Accentual, 
accessoire, 
Accessoires De Mademoiselle, 
Accessorize, 
ACCESSORY SELECTION., 
ACEbyMORIZANE, 
ACEGENE, 
ACHIEVERS, 
Acid Couture, 
ACME FURNITURE, 
ACNE,SASAGE※商社必須 
Acne Jeans,SASAGE※商社必須 
Acoustic, 
ACRONYM,SASAGE※遠隔査定必須B 
ACTS OF FAITH, 
actuel, 
Acupuncture, 
AD56, 
adabat, SASAGE
Adam et Rope',SASAGE
ADAM KIMMEL, 
ADAM PATEK, 
ADAWAS, 
add, 
addaptation, 
ADDICT, 
ADER ERROR,SASAGE※フェイク注意 
adidas,※フェイク注意 
adidas originals, 
ADIDAS×JEREMY SCOTT,SASAGE※フェイク注意 
ADIEU, 
ADIEU TRISTESSE, 
ADIEV, 
aditional, 
Admiral,サガール
ADOLFO DOMINGUEZ, 
adonis green, 
Adonisis, 
ADONUST.Y, 
ADORE, SASAGE
ADORNOR, 
ADPOSION, 
Advantage cycle, 
AERIN, 
AFFA, 
Afternoon Tea, 
AG, サガール
AG by aquagirl, 
Agatha, 
AGE, 
agete, SASAGE
Aglaia, 
agnes b., SASAGE
AGNET.H/L, 
AGOSTO, 
ah, 
ahcahcum, 
AHKAH,SASAGE※フェイク注意 
ahkahblanc, 
AHUM, 
AIGLE, SASAGE
Aima+saie, 
aimer le mieux, 
aimo richly, 
Ain Soph, 
airlogette, 
Airpapel, 
ajew, 
AKA New York, 
AKANE UTSUNOMIYA, SASAGE
AKIRA NAKA,SASAGE
AKM, 
AKUALANI, 
AL e RO design, 
alabama, 
ALAIA, 
ALBANO, 
ALBAROSA, 
ALBEROLA, 
ALBERTA FERRETTI, 
alberto biani, 
ALBERTO FERMANI, 
alcali, 
ALCHIMIA, 
ALDEN, SASAGE
ALDIES,SASAGE
ALDO, 
Alejandra Quesada, 
Alejandro Ingelmo, 
Alessandro dell'Acqua, 
Aleve, 
ALEXA CHUNG for AG, 
Alexander McQueen,SASAGE※商社必須 
Alexander McQUEEN PUMA,SASAGE※商社必須 
Alexander Wang, SASAGE
ALEXANDER YAMAGUCHI, 
AlexanderLeeChang, SASAGE
Alexandre Birman, 
ALEXANDRE DE PARIS, 
ALEXANDRE HERCHCOVITCH, 
ALEXIA, 
ALEXIS MABILLE, 
Alfred Sargent, 
alfredoBANNISTER, 
ALGY, 
ALIAS, 
Alice and Olivia, 
ALICE by temperley, 
Alice Ritter, 
Alice Roi, 
ALICE SAN DIEGO, 
Alice+Olivia, 
aliceMcCALL, 
ALIFE, 
ALIMA, 
alima PURE, 
ALISTAIR, 
ALL BLACK, 
ALL GROWN UP blondy, 
ALL ORDINARIES, 
ALLEGE, 
ALLEN B., 
ALLSAINTS, 
Alluge, 
allureville, 
ALLY ＆ DIA, 
ALMOND, 
alnair, 
ALOYE, 
ALPHA,SASAGE
ALPHA STYLE, 
ALPHANUMERIC, 
ALPO, 
ALSTYLE APPAREL＆ACTIVEWEAR, 
Altea, 
alternative, 
ALUMINA, 
amabro, 
AMACA, SASAGE
AMANDA UPRICHARD, 
Amanjakania, 
Amavel, 
Amb, 
AMBALI, 
AMBELL, 
AMBOISE, 
Ambre Babzoe, 
AMBUSH,SASAGE※フェイク注意 
AmebaShop, 
amelier MAJESTIC LEGON, 
American Eagle, 
AMERICAN RAG CIE, 
AMERICAN RETRO, 
American Slash, 
AMERICANA,SASAGE
amherst, 
amie by miely, 
AMIMOC, 
Amina, 
AMIW, 
amok, 
amp japan,SASAGE
Ampersand, 
Amplified, 
amuｇrin, 
amyris, 
An+u, 
Anachronorm,SASAGE
ANALOG, 
analog lighting, 
ANAP, 
anap mimpi, 
anatelier, 
ANATOMICA, 
ANAYI,SASAGE
ancheri, 
anchi, 
And A, 
AND CEL, 
and it_, 
and wander, SASAGE
ANDEM, 
Andemiu,SASAGE
Andre Assous, 
ANDREA MABIANI, 
ANDREA MARQUES, 
ANDREW, 
ANDREWMACKENZIE, 
ANDSUNS, 
Andy Warhol,SASAGE
an'ge, 
Ange Bloom, 
ANGELO BERVICATO, 
ANGIE, 
Angler's House, 
ANGLO MANIA, 
ANGLOBAL SHOP, 
aniary, 
ANIEL, 
anima, 
Anisa, 
Anisha, 
ANITA ARENBERG, 
Ann DEMEULEMEESTER,SASAGE
ANNA CORINNA, 
Anna Kerry, 
ANNA MOLINARI, 
Anna Sui, 
ANNABEL INGALL, 
Anne, 
anne basket, 
ANNE FONTAINE, 
ANNE VALERIE HASH, 
Anniel, 
Ann-Sofie Back, 
ANOKHA, 
ANOKHI, 
ANONYM CRAFTSMAN DESIGN, 
ANOTHER, 
ANOTHER BRANCH, 
Another Edition, 
another important culture, 
Anoutcommune, 
ANREALAGE, 
ANSOMEONE, 
ANTEPRIMA,SASAGE
ANTEPRIMA MISTO,SASAGE
ANTHOLOGIE＆CO., 
Anthony Peto, 
Anthony Thomas Melillo, 
ANTICHI ROMANI, 
ANTIHERO,SASAGE
Antik Batik, 
ANTIK DENIM,※商社必須 
ANTIPAST, 
ANTIPODE, 
ANTIPODIUM, 
ANTON HEUNIS, 
ANTONELLA GALASSO, 
Antoni ＆ Alison, 
ANTONIO BERARDI, 
ANTONIO DUCATI, 
antonio marras, 
ANVOCOEUR, 
any Fam, 
any SiS, 
ANYA HINDMARCH,SASAGE
aNYthing, 
ANYWHERE CHAIR, 
aor wardrobe, 
apart by lowrys, 
APEE, 
aphorism, 
api baby, 
APPAMAN, 
APPLEBUM, SASAGE
april may, 
April Records, 
Apuweiser Luxe, 
Apuweiser-riche, 
Aqua leaf, 
aquagirl, 
AQUAMARINE, 
Aquascutum, SASAGE
AQUOIBONISTE, 
aquvii, 
ar, 
ara・ara, 
ARCH INDIGO, 
archi, 
archives, 
ARC'TERYX,SASAGE※商社必須 ※フェイク注意
ARDen B., 
ARGITAL, 
ARIANNA, 
ARISTOLASIA, 
ARIZONA,SASAGE
ark＆co., 
ARMANI,SASAGE※商社必須 
ARMANI COLLEZIONI,SASAGE※商社必須 
ARMANI EXCHANGE,SASAGE※商社必須 
ARMANI JEANS,SASAGE※商社必須 
ARMED, 
ARMEN, 
Armor lux, 
Arnold Palmer, 
AROMEDICA, 
Arpege, 
Arpenteur, 
arrive paris, 
Art of Soule, 
Ａｒｔ．, 
ART/BERG, 
Art-Direct, 
ARTEPOVERA, 
arth, 
Articles of Society, 
ARTINERO, 
ARTS ＆ CRAFTS,SASAGE
ARTS ＆ SCIENCE, SASAGE
artyz, 
Arvor Maree, 
AS as know as, 
as time goes by, 
AS2OV, 
ASEEDONCLOUD, 
ASH, 
ASH ＆ DIAMONDS, 
ASICS, 
ASICS TIGER, 
ASIS, 
asos, 
ASPESI,SASAGE※商社必須 
ASPLUND, 
ASTRAET, 
ASVENUS, 
ASZAKKA, 
ate,SASAGE
atelier brugge, 
Atelier Senka, 
ateliers PENELOPE, 
ATESPEXS, 
athe, 
athe vanessabruno, 
Athena New York, 
ATHLETA, 
Atlantic Works, 
ATM＆ATG, 
atmos, 
atmos girls, 
ato,SASAGE
ATSURO TAYAMA, 
ATTACHMENT, SASAGE
attack the mind 7, SASAGE
Attic and Barn, 
ATTIMO, 
ATTIRE, 
AU BANNISTER, 
audrey and john wad, 
AUGUSTA, 
AUGUSTE-PREZENTATION, 
AULA, 
AULA AILA, 
AULI, 
Aunt Marie's, 
Auntie Rosa, 
AURALEE,SASAGE
AURORA GRAN, 
AUSTRALIA LUXE COLLECTIVE, 
AUTREFOIS, 
Avan Lily, 
Avanti, 
AVEC GIRLS, 
Aveniretoile, 
Aviator Nation, 
avie, 
AVIREX,SASAGE※フェイク注意 
AVOCA, 
Avoid, 
AVRIL GAU, 
AXARA, 
axes femme, 
Ayame, 
Ayano Fukuoji by EVOL, 
Aymmy in the batty girls, 
AYUITE, 
AYURA, 
AZ, 
AZUL by moussy, 
AZUL ENCANTO, 
b store, 
B.I.D., 
b.u., 
B:MING LIFE STORE by BEAMS, 
B'2nd re'qua, 
B7, 
ba＆sh, 
ba(s)2lope, 
baby ampersand, 
baby dior, 
Baby Doll, 
Baby Jane Cacharel, 
BABY PURE, 
Baby!, 
"BABY,THE STARS SHINE BRIGHT", 
Baby-G,SASAGE
BABYLONE, 
BACCA,SASAGE
Baccarat, 
bach, 
Back Alley Old Boys, 
BACK BONE,SASAGE
Back Channel, 
BACK STAGE, 
BACKDROP, 
backetfeet, 
BAD, 
Badhiya, 
Badou-R, 
BAG selection ONWARD, 
BAGGU, 
BAGGY PORT, 
BAGJACK,SASAGE
BAG'n'NOUN, 
Bagutta, 
BAHUT, 
Bailarinas by SKA, 
bajra, 
BAL, 
BALABUSHKA, 
BALABUSHKA REMNANTS, 
BALANCE＆HARMONY, 
balanceweardesign, 
Balancoire, 
Balcony and Bed, 
BALDEAUX, 
BALENCIAGA,※ブランド 
bali barret, 
BALLANTYNE, 
Ballerina Pink, 
BALLON, 
BALLSEY, 
BALLY, 
BALMAIN,SASAGE※商社必須 
banal chic bizarre, 
Banana Republic, 
Band of Outsiders, 
BANKROBBER, 
BANKS, 
Banner Barrett, 
BANSEE, 
BAPY, 
BARACUTA, SASAGE
Barairo no Boushi, 
BARBA, 
BARBARA BUI, 
Barbara Lang, 
BARBARA RIHL, 
Barbarian, 
Barbie, 
Barbour,SASAGE
Barbudos, 
BARDOT ROSE, 
BAREFOOT DREAMS,SASAGE※商社必須 ※フェイク注意
BARENA, 
BARK, SASAGE
BARK TANNAGE, 
BARKER, 
BARNEYS NEWYORK, SASAGE
BARNS OUTFITTERS, 
BARNYARDSTORM,SASAGE
BARONS PAPILLOM, 
Barrault, 
BASECONTROL, 
Basil, 
BASIS BROEK,SASAGE
BASIXⅡ, 
BASQUINE, 
BASS, 
BASSETT WALKER, 
bassike, 
BATONER,SASAGE
Battenwear, 
BATTLE LAKE, 
BAUM UND PFERDGARTEN, 
Baxter of California, 
BAYFLOW,SASAGE
BCBG,SASAGE
BCBGMAXAZRIA,SASAGE
BCR, 
Be Positive, 
BE RADIANCE, 
BEACH FEET, 
BEADY GEM, 
BEAMS,SASAGE
BEAMS BOY, 
BEAMS HEART, 
BEAMS LIGHTS, 
BEARDSLEY, 
bea's up, 
BEATING HEART, 
BEATITUDE, 
BEAU COOPS, 
beau dessin, 
Beaumont ORGANIC, 
Beaure, 
Beau're, 
BEAU'RE SECOND, 
beautiful people, SASAGE
Beauty Bar KEITA MARUYAMA, 
BEAUTY＆YOUTH UNITED ARROWS,SASAGE
BEAVER, 
BEAVER BRAND HATS, 
BEAVER ORIGINAL, 
beberose, 
BEBOP, 
becksondergaard, 
BED J.W. FORD, SASAGE
BED＆BREAKFAST, 
bedsidedrama, 
BEDWIN,SASAGE※商社必須 ※フェイク注意
BEDWIN ＆ THE HEARTBREAKERS,SASAGE※商社必須 ※フェイク注意
BEEN TRILL,SASAGE
BEIGE SHOP, 
beik, 
Bejoueld, 
BELIEVEINMIRACLE, 
BELLA FREUD, 
BELLA JONES, 
BELLE, 
Belle Amie, 
Bellerose, 
BELLMER, 
Bellroy, 
BELSTAFF,SASAGE
ben alder, 
BEN DAVIS, SASAGE
Ben Sherman, 
benah, 
BENETTON (UNITED COLORS OF BENETTON), 
BENSONI, 
BERACAMY PARIS, 
BERANGERE CLAIRE, 
BERARDI, 
BERGE, 
Berghaus, 
BERNARD ZINS, 
BERNHARD WILLHELM, 
BERNSTOCK SPEIRS, 
Bershka, 
Bertini, 
beruf baggage, 
BERWICH, 
BEST PACKING STORE, 
Betsey Johnson, 
Betseyville by BETSEY JOHNSON, 
BETTINA, 
Betty Smith, 
Beverly Hills Choppers, 
Bevilacqua, 
bexist, 
beyond vintage, 
BIANCA, 
BIANCA EPOCA, 
Bianca`s closet, 
Bianchi, 
BIAS, 
Bibi Gramaglia, 
Bibury Court, 
Big John, 
BIG YANK, 
Bijou R.I, 
Bi-jouterie, 
bilitis bebe maman, 
Bilitis dix-sept ans, 
BILL WALL LEATHER,SASAGE
BILLABONG, 
BillAmberg, 
BILLIONAIRE BOYS CLUB, SASAGE
Billy Reid, 
BINDU, 
BIRKENSTOCK,SASAGE
BIRVIN UNIFORM, 
BISUE, 
Bisue Ballerinas, 
bit blue, 
BITTEN APPLE, 
BITTEN APPLE BY BLONDY, 
Bitter Ender, 
BLACK BLOOD DIAMONDS, 
BLACK BY MOUSSY, 
BLACK COMME des GARCONS,SASAGE※商社必須 
BLACK CRANE, 
BLACK FLEECE,SASAGE
BLACK FLYS,SASAGE
BLACK GOLD,SASAGE
Black Heart Label, 
Black Orchid, 
BLACK PEARL, 
BLACK RING, 
BLACK SCORE, 
BLACK＆BLUE, 
BLACKBARRETT by NEIL BARRETT,SASAGE※商社必須 
blacker by steven alan, 
BLACKTOPMOTORCYCLE, 
blanc basque, 
BLANCHEURLUXE, 
BLANK, 
blAnks, 
BLDK, 
BLESS,SASAGE
BLESS TOKYO, 
BLEU BLANC ROUGE, 
Bleu de Paname, 
BLEU FORET, 
BLISS POINT, 
BLK DNM, 
BLOCH, 
blondy, 
BLONDY ReLISH, 
blowfish, 
Blu e Grigio, 
blu moon, 
blu＆day, 
BLUCO WORK GARMENT,SASAGE
BLUE BLUE,SASAGE
blue cult,※商社必須 
BLUE DE BRESSE, 
Blue Life, 
blue plate, 
BLUE TORNADO, 
Blue velvet Lounge, 
BLUE WORK, 
Blue．, 
BLUEBIRD BOULEVARD, 
blugirl, 
BLUGIRL JEANS, 
Blumarine, 
Blur cure macacin, 
BOBOUTIC, 
BOBSON, 
bodco, 
BODY BUTTER, 
BODY DRESSING, 
BODY DRESSING Deluxe, 
BOEMOS, 
BOHEMIANS, 
BOISNONVERNI, 
Boisson Chocolat, 
Bon mercerie, 
Bon Sens, 
Bon Vieux Temps, 
Bonappetit, 
BONFANTI, 
BONICA DOT, 
BONICA dot GARDEN, 
Bonjour Girl, 
bonjour records, 
Bonner of Ireland, 
BONNIE SPRINGS, 
Bonnie Strauss, 
Bonpoint, 
BONTON, 
BONZAIPAINT, 
BOOFOOWOO, 
BOOKSHOP, 
Boomy Roomy, 
BORDERS at BALCONY, 
BOREDOM, 
BORELLI, 
BORNY, 
Borsalino, 
bortsprungt., 
BOSABO, 
BOTANIKA/taishi nobukuni, 
botkier, 
BOTTEGA VENETA,SASAGE
Bou Jeloud, 
bouchra jarrar, 
BOUNTY HUNTER, SASAGE
boussole, 
Bouvardia, 
BOY LONDON,SASAGE※フェイク注意 
BOYCOTT, 
boyod, 
BOYS FOUNDATION ADDICT, 
BRADOR, 
BRADY, 
Brague, 
BRAITONE, 
BRANCHINISHOES, 
brand ?, 
Brandy Melville, 
BRANIFF, 
BRANIGAN WEAVERS, 
BRASS FARTHING, 
BRAUN, 
BRAY STEVE ALAN, 
Bread and Butterflies, 
breakfast, 
breau des fantaisistes, 
BREE, 
BRIAN  LICHTENBERG, 
Brian Atwood, 
BRICS, 
BRIDGE, 
Bridget Birkin, 
BRIEFING, SASAGE
BRILLA per il gusto, 
BRIM BRIM, 
BRING ON THE NOISE, 
BRITISH REMAINS, 
Brittany’s, 
BRIXTON,SASAGE
Brocante, 
BROCKTON GYMNASIUM, 
Broderie ＆ Co, 
BRONTE, 
BRONTIBAYPARIS, 
BRONX, 
Brooklyn We Go Hard (BWGH), 
BROOKS,SASAGE
Brooks Brothers,SASAGE
b-room, 
BROWN BUNNY, 
BrownBrown, 
BRTH BREATH, 
BRUNABOINNE,SASAGE
BRUNELLO CUCINELLI,SASAGE
BRUNO, 
BRUNO MAGLI, 
BRUNO PREMI, 
BRUNO ROSSI, 
BRUNOFRISONI, 
BRUTUS, 
BUCCHUS, 
BUDDHIST PUNK, 
buddy, 
Buena Vista, 
Buffalo, 
Buffalo Bobs, SASAGE
BUFFALO JEANS, 
BUILT NY, 
bukht,SASAGE
BULGA, 
bulle de savon, 
BULSARA, 
BUONA GIORNATA, 
BURAKUYAN, 
BURBERRY,SASAGE※商社必須 ※フェイク注意
BURBERRY BLACK LABEL,SASAGE※商社必須 ※フェイク注意
BURBERRY BLUE LABEL,SASAGE※商社必須 ※フェイク注意
Burberry Prorsum,SASAGE
BURDEN, 
Bureau des Fantaisistes, 
BURGUS PLUS, 
Burkman Bros, 
BURKS BULL, 
Burn Breeze, 
Burner, 
BURNING TORCH, 
BURN'N'VIOLET, 
BURNOUT,SASAGE
Burro, 
BURTON, SASAGE
Butler Verner Sails, 
butterfly dropout, 
BUTTERO, 
Buzz Rickson's,SASAGE
Bvlgari,SASAGE
BWGH, 
BWGH for PUMA, 
by boe, 
BY MALENE BIRGER, 
BY TASS, 
by Tass Standard, 
BY ZOE, 
byあしながおじさん, 
B印 YOSHIDA(BEAMS×PORTER),SASAGE
C＆C California, 
C.D.S BASIC, 
C.E,SASAGE※フェイク注意 
C.I.L., 
c.neeon, 
C.Pili, 
C.T.plage, 
C6, 
CA4LA,SASAGE
CABALLERO, 
CABANE de ZUCCa, 
CABBAGES ＆ ROSES, 
CABLOCAMURIE, 
CACHAREL, 
Cachellie, 
Caie, 
cal, 
CALEE, SASAGE
CALI SURF, 
calian, 
Calimar, 
Callaway,SASAGE
Callipigia, 
Calman and Chelow, 
Calvin Klein,SASAGE※商社必須 
Calzanor, 
CAMBER,SASAGE
CAMBIO, 
CAMEO, 
CAMIERA, 
CAMILLE for LULU, 
CAMINANDO, 
CAMPER,SASAGE
Camui water massage, 
CANADA GOOSE,SASAGE※商社必須 ※フェイク注意
Canadian Sweater Company Ltd., 
CANAL JEAN, 
canal4℃, 
candela, 
candlly, 
CANDY, 
Candy Stripper,SASAGE
CANNABIS, 
Cantarelli, 
CANTON, 
Canyon de chelly, 
capaf, 
Capelli, 
capesmile, 
caph, 
CAPRGCORNUS, 
CAPRICIEUX LE'MAGE, 
Captains Helm, SASAGE
CAR SHOE, 
Caravana by A・I・C, 
CARDIGAN., 
Carhartt,SASAGE※フェイク注意 
carino, 
Carletti, 
carlife, 
CARLO ROSSETTI, 
carnelian, 
carnet, 
CAROL CHRISTIAN POELL, 
Carol J., 
CAROLINA GLASER, 
CAROLINA K, 
CARRANO, 
CARRERA, 
CARRYNEST, 
Cartier,SASAGE
Cartonnage, 
CARVEN,SASAGE
Casa BRUTUS, 
CASADEI, 
CASE SCENARIO, 
Casely-Hayford, 
CASEPLAY, 
CASH CA, 
CASHHIMI, 
CASIO,SASAGE
CASPER JOHN, 
CASSAVES, 
Casselini, 
Casselini fifth avenue, 
C'ast vague, 
Castaner, 
CASTELLARI, 
Cat in the closet, 
cat’s TSUMORI CHISATO, 
catene, 
CATERINA BERTINI, 
Cath Kidston, 
CATHERINE MALANdRINO, 
Catherine Parra, 
cathy jane, 
CAUSE, 
CAV-000, 
Cavallini, 
CC SKYE, 
Ceanothus, 
CEBO, 
Cecil Linc, 
CECIL McBEE, 
CECILE BOCCARA, 
cecilia prado, 
CEDRIC CHARLIER, 
CELINE,SASAGE
CeLL, 
Celt and Cobra,SASAGE
Celtic Sheepskin, 
CERASUS, 
ceroLinea, 
CERRUTI, 
Ces Puzzles, 
CESARE PACIOTTI 4US, 
Chaco, 
CHALAYAN, 
CHALLENGER,SASAGE※フェイク注意 
chambre de charme, 
chambre de nimes, 
chamny, 
CHAMP MAGAZINE, 
Champion,SASAGE
CHAN LUU,※取り扱い中止 
Chandelier, 
CHANEL,SASAGE
Chang Mee, 
changes day, 
Chantal Thomass, 
chapter world, 
CHAPTER WORLD PREMIUM, 
CHAPTER WORLD select, 
CHARI ＆ CO,SASAGE
charles anastase, 
CHARLES JOURDAN, 
CHARLES PHILIP, 
charles＆keith,SASAGE
CHARLI, 
CHARLIE JOE, 
Charlotte Olympia, 
CHARLOTTE RONSON, 
CHARMCULT, 
Chaser, 
Chatouiller, 
chatty, 
chaudry, 
chausser, 
CHEAP MONDAY, サガール
CHEER, 
chef-doeuvre, 
CHELSEA FLOWER, 
CHELSEAGARB, 
CHEMBUR, 
Cher, 
Cher Shore, 
Chereine, 
CHERIE, 
cherir la femme, 
Cherry Ann, 
Chesty, 
CHESWICK,SASAGE
CHEVIGNON, 
CHEVRE, 
Chiara Ferragni, 
CHIE MIHARA, 
CHILD WOMAN, 
chimala, 
chinti and parker, 
Chip＆Pepper, 
Chippewa, 
Chloe,SASAGE
Chloe Sevigny for Opening Ceremony, 
Chloris, 
chocoholic, 
chocolate schubar, 
Chocorouge, 
choosy chu, 
Chortie, 
CHRIS BENZ, 
CHRISTIAN AUDIGIER, 
CHRISTIAN AUJARD, 
CHRISTIAN DADA, 
Christian Dior,SASAGE
Christian Lacroix, 
Christian Louboutin,SASAGE
christian olivier, 
CHRISTIAN PEAU, 
christian wijnants, 
CHRISTINA  ROHDE, 
CHRISTOPHE COPPENS, 
CHRISTOPHE LEMAIRE, 
CHRISTOPHE SAUVAT, 
Christopher Kane, 
CHRISTOPHER SHANNON, 
christopher＆banks, 
CHRISTYS' LONDON, 
CHROME, 
CHROME HEARTS,SASAGE※ギャラ必須 ※偽物注意 ※帽子眼鏡金×
CHUBBYGANG, 
Chuggington, 
CHUMS,サガール
Church's,SASAGE
Ciaopanic, 
CIAOPANIC TYPY, 
CIBONE, 
CICATA, 
CILANDSIA, 
CINOH,SASAGE
CINQUANTA, 
CiNTAS, 
CINZIA ARAIA, 
CIPPY CRAZY HORSE,SASAGE
CISOLASSE, 
CITIZEN,SASAGE
Citizens of humanity, 
CITRUS, 
cITRUS nOTES, 
CI-VA, 
CIVIDINI, 
CIVILIZED,SASAGE
CIVISSUM, 
CLAIR DE MASCULO, 
CLARE VIVIER, 
Clarks,SASAGE
Clarks Originals,SASAGE
Clarpierce, 
clasky, 
Clasky/Laully for you, 
Class Roberto Cavalli, 
CLATHAS, 
CLAUDIA ROWE, 
CLAUDIO CUTULI, 
CLAUSTRUM, 
CLAYBROOKE, 
Clean2, 
clear, 
clear crea, 
clear jean, 
CLEASEN'S, 
CLEDRAN, 
Clef, 
CLEMENTS RIBEIRO, 
Cleobella, 
Clice de Paris, 
CLICHY, 
Clone, 
CLOON KEEN ATELIER, 
CLOSED, 
CLOUDNINE, 
cloudy cloudy, 
cloudy7, 
CLOVER CANYON, 
CLUCT, 
CLUTCHGOLF, 
COACH,SASAGE
Coal Black, 
COAST, 
COAST+WEBER+AHAUS, 
COBRA, 
COCCINELLE, 
COCOON, 
Cocoonist, 
COCOSHNIK, 
COCOSHNIK ONKITSCH, 
COCUE, 
COCURATA, 
CODELLO, 
coen, 
COEUR, 
coeur Parfait, 
COFFEE＆MILK, 
COHAKU, 
COHEN ET SABINE, 
coigirl magic, 
colcci, 
COLE HAAN,SASAGE
Cｏｌｅｍａｎ,サガール
Colette Malouf, 
COLLAGE GALLARDAGALANTE, 
COLLECTHING THINGS, 
collection PRIVEE?, 
COLLECTIVE CLOTHING, 
COLLECTIVE CONCEPTS, 
collective., 
collina, 
COLORCTORS, 
Columbia,SASAGE
Com2ons Code, 
Come home, 
COMECHATTO＆CLOSET, 
COMESANDGOES, 
COMME des GARCONS,SASAGE※商社必須 ※フェイク注意
COMMON PROJECT, 
COMMON PROJECTS, 
COMMON WEAR, 
commono reproducts, 
COMMONWARE AMERICAN RAG CIE＆Magine, 
COMMUNE DE PARIS, 
COMMUNITY, 
COMODO BLU, 
C'omodo+plust, 
COMOLI,SASAGE
COMPAGNIA ITALIANA, 
complete discovered, 
COMPTOIR DES COTONNIERS, 
con affetto, 
CONCRETE DESIGN, 
conges payes ADIEU TRISTESSE, 
CONNECTERS, 
connieaccessori, 
CONS RENNOVATOR, 
contego eyewear, 
CONVERSE,SASAGE※ネット出品禁止 
Coohem, 
COOKIE FORTUNE, 
COOKIE fortune LOVE, 
COOL STRUTTIN＆co, 
COOLACOLOGNE, 
COOLATIQUES, 
COOMB, 
Cooperstown Ball Cap, 
COOTIE, SASAGE
coralroen, 
CORBO, 
CORE FIGHTER, SASAGE
CORNELIANI, 
CORONA, 
CORSIA, 
CORSO ROMA，9, 
CORTES WORKS, 
Corto Moltedo, 
Cosme Kitchen, 
COSMIC, 
COSMIC WONDER, 
COSSHI, 
CoSTUME NATIONAL, 
COTE MER, 
Cote＆Ciel,SASAGE
cotton cloud, 
cotton on, 
Coup de Beaute, 
COUP DE CHANCE, 
courreges, 
CP SHADES, 
CP.CPREPARATORY, 
CPC SCAMP, 
cramp, 
CRAP, 
CRASH BAGGAGE, 
CREA, 
Cream Chantilly, 
CREATIVE RECREATION, 
Creed, 
CREIND YARM, 
crepuscule,SASAGE
Crespi, 
CRIMIE, SASAGE
CROCKETT＆JONES, 
crocs, 
crolla, 
CROON A SONG, 
CROWDED CLOSET, 
CRUCE anap, 
CRUCIANI, SASAGE
CRUNA, 
Cry, 
CRYSTAL BALL, 
CSAW, 
Ctrl freak, 
cuccia, 
CUCCO DI MARU, 
cuddle＆kiss, 
cuff, 
Cuffz by Linz, 
Cul de Sac, 
Culture Medium, 
Culturhythm, 
Curly,SASAGE
Curly Collection, 
Current/Elliott, 
CUSTOM CULTURE, 
CUT, 
CUTiE, 
CYCLE, 
CYDERHOUSE, 
Cynical, 
CYNTHIA ROWLEY, 
CYNTHIA VINCENT, 
D＆G,SASAGE※商社必須 
D＆G JUNIOR,※商社必須 
D.A.T.E., 
D.M.G., 
D.O, 
D/ESTNATION, 
D/him., 
D’issy, 
daboro, 
DACUTE, 
dada flora, 
Dafna, 
dahl'ia, 
DAILY NEWS, 
DAISY, 
DAKINE, 
Dakota, 
DALI, 
DAMIR DOMA, 
DAMMY, 
DANA FANEUIL, 
DA-NA Vie, 
DANASSA, 
dancyu, 
DandA by danny＆anne, 
DANIEL CREMIEUX, 
Daniel Wellington, 
Daniel＆Bob, 
DANIELLE NICOLE, 
danilo costa, 
Danke, 
DANKE SCHON, SASAGE
Danner,SASAGE
Dannijo, 
Danny＆Anne, 
dansko, 
Danton,SASAGE
DARITA, 
DARKSHINY, 
DARLING, 
Darling by little Berry, 
Darsana Textile design, 
Dateve, 
DaTuRA, 
Daughters of the Revolution, 
david ＆ scotti, 
DAVID LINDWALL REBORN 1982, 
Davit MEURSAULT, 
day birger et mikkelsen, 
DAYS OF FREEDOM, 
DazyClair, 
dazzlin, 
D-BROS, 
DC SHOES, 
De bon coer, 
De Martini, 
Deadly Ponies, 
Dear, 
Dear Buddy, 
DEAR FLURA, 
DEARA, 
Debbie Regina, 
Debora Sinibaldi, 
DECADE, 
DECADE STANDARD, 
DECEIVE.., 
DECHO,SASAGE
Decious, 
Deck Hand, 
DECO, 
DeDanae, 
Dedes, 
DEDESKEN, 
DEEP BLUE, 
Deepa Gurnani, 
Defilious, 
Defilious.Homme, 
DEICA, 
deicy, 
DEL CONTE, 
delave, 
DELAY by Win ＆ Sons, 
DELICIOUS, 
Delle Cose, 
Delphine Pariente, 
DELUXE,SASAGE
Demi Voo, 
Demi-Luxe BEAMS,SASAGE
DEMOCRATIQUE SOCKS, 
DEMYLEE, 
DENDROBIUM, 
DENHAM,SASAGE※商社必須 
DENIM ＆ SUPPLY, SASAGE
DENIM BAR, 
DENIM DUNGAREE, サガール
Denime,SASAGE
DENNY ROSE, 
DEPACTUS, 
Der SAMMLER SOLO, 
DEREK LAM, 
Des Pierre, 
DES PRES,SASAGE
DESCENTE,SASAGE※商社必須 ※フェイク注意
Desertic, 
designinverso, 
DESIGNWORKS, 
Desigual, 
DESMO, 
Dessert, 
destin, 
DESTRAD, 
DETAILS, 
DETH KILLERS, 
DEUS EX MACHINA, SASAGE
DEUTER, 
Deux Lux, 
Deuxieme Classe,SASAGE
devadurga, 
DEVASTEE, 
DEVELOPMENT, 
DEVILOCK, 
Devinette, 
DEVON, 
DEVOTION, 
DGRACE, 
Dhyana, 
DI CLASSE, 
DI MELLA, 
DIABLESS, 
DIADORA,サガール
Diagram,SASAGE
DIAMANTE GIRL, 
Diamond Lag, 
DIANA,SASAGE
DIANE von FURSTENBERG,SASAGE
Dice Kayek, 
Dickies, 
dictionary, 
Didi by florence, 
didizizi, 
DIDYCA, 
Diego Bellini, 
DIEMME, 
DIESEL,SASAGE※商社必須 ※フェイク注意
DIESEL BLACK GOLD,SASAGE※商社必須 ※フェイク注意
Diesel Style Lab,SASAGE※商社必須 
DIET BUTCHER SLIM SKIN, SASAGE
Dieu, 
DIGAWEL,SASAGE
Dignite collier, 
DIMEPIECE DESIGNS, 
Dior homme,SASAGE※商社必須 ※フェイク注意
dip ltd, 
DIRAIN, 
Direction to get mosh, 
DIRK BIKKEMBERGS, SASAGE
dirk schonberger, 
Dirtee Hollywood, 
DISAERAN, 
DISCIPLE, 
DISCO VALLEY, 
Discoat, 
discord,SASAGE
discord Yohji Yamamoto,SASAGE
DISCOVERED, SASAGE
Disia, 
Disney Couture, 
DISSIZIT!, 
District UNITED ARROWS, 
DisUniversity, 
DITA,SASAGE
Dittos, 
Dｉｖｅｒｓｈｉｏｎ, 
DKNY, 
DNINE RESERVE, 
do organic, 
DOARAT, 
Dolce Vita, 
DOLCE＆GABBANA,SASAGE※商社必須 ※フェイク注意
DOLLY GIRL BY ANNA SUI, 
Dolly＆Molly, 
DOMA, 
DOMENICO+SAVIO, 
DOMINGO, 
Domon, 
Donald J Pliner, 
DONNA KARAN SIGNATURE, 
DONNA Lily, 
doo.ri, 
DORMITORY, 
DOROA, 
Dorothy Lang, 
Dosch, 
Dot Drops, 
Dot＆Stripes CHILD WOMAN, 
DOUBLE IDENTITY, 
DOUBLE NAME, 
DOUBLE STANDARD CLOTHING, 
DOUBLE STEAL, 
doublet,SASAGE※フェイク注意 
DOUBTFUL AS DOUBLE(R), 
Doux archives, 
DouxToucher, 
DOVER, 
DOVER STREET MARKET,SASAGE
DOWBL, 
Dr Denim, 
DR ROMANELLI, 
Dr.Martens,SASAGE
DRAGON BEARD, 
DRAKE'S, 
DRAW DESIGN CREATIONS, 
Drawer,SASAGE
DREAMING OF THE SHINING STARS, 
DreAng, 
dress a dress, 
DRESS BULLET by glamb, 
DRESS CIRCLE, 
DRESS gallery, 
Dress up everyday, 
DRESS33, 
DRESSCAMP, 
DRESSEDUNDRESSED, 
DRESSING DOWN, 
DRESSLAVE, 
DRESSTERIOR, 
drestrip, 
DRIES VAN NOTEN, SASAGE
DRitte, 
DRIVE JEANS,※商社必須 
DRKSHDW, SASAGE
Droite lautreamont, 
drosofila, 
Drosofila Limited, 
Drowse and yet..., 
DRUMOHR, 
DRWCYS, 
Dry Bones,SASAGE
DRYCLEANONLY, 
DSQUARED2,SASAGE※商社必須 ※フェイク注意
Duarte, 
DUBBLEWORKS, 
DUCCIO DEL DUCA, 
DUCK AND COVER, 
Dude, 
DUEEL, 
DUL DE VERRE, 
Dulcamara,SASAGE
Duller, 
DULUTH PACK, 
DUMOND, 
d'un a dix, 
DUNES, 
DUNHILL,SASAGE
DUPE, 
DUPPIES, 
DURAS, 
DURAS ambient, 
durbuy, 
Durer, 
DUVETICA,SASAGE※商社必須 ※フェイク注意
DYNAMO, 
E hyphen world gallery, 
e.m., 
e.vil, 
E.Z BY ZEGNA, 
E2, 
EACH×OTHER, 
Earl Jean, 
earnest sewn,SASAGE
earth music＆ecology, 
EASTPAK,SASAGE
EATME, 
eb.a.gos, 
EBBETS FIELD FLANNEL, 
EBELE MOTION, 
Ebonyivory, 
eb's, 
ECHANTILLON No.4, 
eclectic, 
ecote, 
E'CRU, 
ecruefil, 
ECUI TOKYO, 
Ed Hardy, 
Eddie Bauer,SASAGE
Eddie Borgo, 
EDDY GRACE, 
EDIFICE, 
EDIT. FOR LULU, 
Edition, 
Education from Youngmachines, 
EDUN, 
EDWIN, 
Edwina Horl, 
EEL,SASAGE
eeLa, 
EFFE BEAMS, 
EFFECTEN, SASAGE
EFFECTOR,SASAGE
EGERIE, 
EGO TRIPPING,SASAGE
EGOIST, 
eight, 
Eight Million, 
ej sikke lej, 
EKAM, 
el sepia, 
EL.Brown, 
ELAN, 
ELECOM, 
electric cottage, 
elegance卑弥呼, 
ELEMENT, 
ELEVEN PARIS, 
eleventy, 
ELEY KISHIMOTO, 
ELFORBR, 
elianegigi, 
ELIMINATOR DENIM, 
Elizabeth and James, 
ella moss, 
Elliott Mann, 
ELNEST CREATIVE ACTIVITY, 
ELVISH, 
ema tesse, 
Emerica, 
EMILIO PUCCI,※商社必須 
Emily Temple cute, 
Emily Temple Lulu, 
EMIRU by magnum, 
EMMA COOK, 
EMMA GO, 
emmi, 
EMODA, 
EMPORIO ARMANI,SASAGE※商社必須 
EmTROIS, 
emu, 
en quete, 
en recre, 
en shallah, 
Enasoluna, 
enchanted, 
ENCHANTEMENT, 
ENCORE, 
Endlich, 
ENensorcivet, 
ENERGIE, 
eness, 
ENFOLD,SASAGE
Engineered Garments,SASAGE
Enhance Element, 
ENIGMA, 
ENSOR CIVET, 
Enterblature and orders, 
ENTRE AMIS, 
ENUOVE, 
Enzo Giletti, 
EOTOTO, 
EPICE, 
Epilogue Chant, 
"Episode No.,", 
Episode no.9, 
EPOCA, 
EPOCA UOMO, 
epolene, 
Epperson Mountaineering, 
Eprouve, 
EQUIPMENT, 
Erdem, 
erfurt, 
ERIC JAVITS, 
ERIC LEBON, 
ERICA TANOV, 
ERIKA CAVALLINI, 
ERMANNO SCERVINO, 
Ermenegildo Zegna, SASAGE
ERRICO FORMICOLA, 
erva, 
ESCADA, 
Escadrille, 
esche, 
ESME, 
ESPERANZA, 
ESSE, 
ESSENTIAL GARMENT MEN'S BIGI, 
ESSENTIEL Antwerp, 
estellon, 
ESTNATION, 
et momonakia, 
etaminne, 
ete,SASAGE
ethereal, 
ETHOSENS, SASAGE
ETRE CECILE, 
ETRO,SASAGE※商社必須 
Ettika, 
ETUDES, 
Etw.Vonneguet, 
EUGENIA KIM, 
Evado, 
evaloren, 
evam eva, SASAGE
ever, 
EVER AFTER, 
EVER KHAKI, 
Ever Spring, 
everjey, 
everlasting sprout, 
EVERWARM, 
everyday by collex, 
everyday everybody, 
EVIL TWIN, 
EVISU,SASAGE※フェイク注意 
EVRIS, 
EWING ATHLETICS, 
exclamation, 
expansion, 
EXPERT, 
express design studio, 
eYe COMME des GARCONS JUNYA WATANABE MAN,SASAGE※商社必須 ※フェイク注意
EYE. D WEARing, 
EYEbyOptitude, 
EYECE, 
EYEFUNNY, 
EYTYS,SASAGE
F organics, 
F.C.R.B., SASAGE
F.C.Real Bristol, SASAGE
F.LLI GIACOMETTI, 
F.O.KIDS, 
F.S.Z, 
FABEL, 
Fabiane Roux, 
FABIANELLI, 
FABIO RUSCONI,SASAGE
FABRICK, 
FABRIK, 
Fabrizio Del Carlo, 
FABTUNES, 
FACETASM, SASAGE
Factor=, 
FACTOTUM, SASAGE
FAD THREE, 
FADELESS, 
fafa, 
FAHERTY BRAND, 
fairy cross, 
Fake London, 
falia, 
Faliero Sarti, 
FALKE, 
FALLING RAPHAEL, 
FAMUL, 
FANNI LEMMERMAYER, 
FANTASTIC MAN, 
fascino aria, 
FAT, SASAGE
Fatima morocco, 
FATTORSETA, 
FATTY＆NUTTY BROTHERS, 
Fearless, 
feather baby, 
FEBRUARY, 
fee fee, 
Feed you, 
FELCO,SASAGE
Felisi, 
felix ray, 
felmat, 
FEMME FATALE, 
FENDI,SASAGE
fennica, 
FENUA, 
Fermata, 
Feroux, 
FERRANTE, 
FERRIRA, 
FERRUCCIO VECCHI, 
fev, 
ficouture, 
FIDELITY, 
FIELD NOTES, 
field/dream, 
fifth, 
FIFTH AVENUE SHOE REPAIR, 
FIG femme, 
fig Ｌondon, 
FIG＆VIPER, 
FiiiiiSH, 
Fil Daraignee, 
FIL DE FER, 
FILA,サガール
filer du fil, 
FiLLY O｀ LYNX, 
FilMelange, 
FILSON,SASAGE
Fin, 
FINAL DECISION, 
Finamore napoli, 
Finders Keepers, 
Fine Collection, 
Fine Quality Hat, 
FIOLENTINI+BAKER, 
FIORELLI, 
FIORENTINI + BAKER, 
Fiorio, 
FIVE BROTHER,SASAGE
FJALLRAVEN TRAVEL, 
FLAG-J, 
Flammeum, 
Flaph, 
Flapper, 
FLASH REPORT, 
FLAVOR design, 
Flea Store, 
fleamadonna, 
Fleur, 
Fleur des Champs, 
FLICKA, 
FLISTFIA, 
FLOCE, 
FLORENT, 
FLORIAN, 
FLORIAN DENICOURT, 
FLOVE, 
flower, 
Floyd, 
fLuXing, 
fLuXus., 
Flying Tomato, 
FOCUS, 
foemina, 
fog linen work, 
Foggia, 
Foley+Corinna, 
Folk, 
Folli Follie, 
folna, 
FONCE, 
foot the coacher,SASAGE
FOOTPRINTS, 
FOPPISH, 
FORDMILLS, 
Fornarina, 
FOROURS, 
FORSTE, 
forte_forte, 
FORTY PERCENTS AGAINST RIGHTS, 
FOSSIL,SASAGE
FOUND GARMENTS, 
Foundation Addict, 
FOXEY,SASAGE
FOXEY BOUTIQUE,SASAGE
FOXEY NEW YORK,SASAGE
FOXEY RABBITS’,SASAGE
fragment design, SASAGE
Fraizzoli, 
FRAME DENIM, 
FRAMeWORK, 
FRANCESCO, 
FRANCESCO MORICHETTI, 
FRANCESCOBIASIA, 
franche lippee, 
FRANCIS CAMPELLI, 
Francis Klein, 
FranCisT_MOR.K.S.,SASAGE※フェイク注意 
FRANCO BASSI, 
FRANCO FERRARI, 
Franco Martini, 
FRANCO PRINZIVALLI, 
FRANK, 
FRANK DANIEL, 
FRANK LEDER, 
Frank＆Eileen, SASAGE
frankie morello,※商社必須 
FRANKLIN＆MARSHALL,SASAGE※商社必須 ※フェイク注意
FRANQUEENSENSE, 
Franziska Hubener, 
FRAPBOIS, 
FRaU, 
FRAY I.D,SASAGE
FREAK'S STORE,SASAGE
Fred, 
FRED PERRY, SASAGE
FREDRIK PACKERS, 
FREDY＆GLOSTER, 
FREE CITY,SASAGE※フェイク注意 
FREE FISH, 
FREE PEOPLE, 
FREE’S MART, 
FREE’S PHRASE, 
FREEDOM ARTIST, 
Freeloader, 
FREE'S SHOP, 
Freesia, 
Freestyle, 
freewaters, 
FREITAG,SASAGE
FRESCO TOWELS, 
FROM FIRST, 
FROSTY, 
froufroutant, 
Fru.it, 
FRUIT CAKE, 
FRUiTS, 
FRUMPY FACTORY, 
FRYE, 
FTC, SASAGE
F-TROUPE, 
FUCKING AWESOME,SASAGE※フェイク注意 
fuct, SASAGE
FUGAHUM, 
Fuhlen, 
FULLCOUNT,SASAGE
FULLNELSON, 
Fun ＆ Daily, 
FUNDAMENTAL AGREEMENT LUXURY, 
Fundamental Clothing, 
FUNKTIONAL, 
FUNNY SHOW, 
furamu clip, 
FURFUR, 
FURLA,※フェイク注意 
FUTURA LABORATORIES, 
FUTURE CLASSICS, 
FYTTE, 
G＆F WORKERS, 
g.guaglianone, 
G.H.BASS ＆ COMPANY, 
G.KERO, 
G.V.G.V., 
g;fifty, 
Gabriel happy life, 
GABRIELE SAVIO, 
GAIJIN MADE,SASAGE
GAIMO, 
GALA Curios, 
GalaabenD, 
GALATEA, 
Galatea Nereid, 
galaxxxy, 
GALERIE DES BAINS, 
GALERIE VIE,SASAGE
GALLARDAGALANTE,SASAGE
GALLEGO DESPORTES, 
GALLERIANT, 
Gallery1950, 
GALLIANO, 
galvanize, 
gameheads gomme, 
gaminerie, 
GANESH, 
GANRYU,SASAGE※商社必須 ※フェイク注意
GANT Rugger, 
GAP, 
Garbstore, 
GARCIA MARQUEZ gauche, 
Garden of Eden, 
GARMENT REPRODUCTION OF WORKERS, 
GARMONT, 
GARNI,SASAGE
GAS, 
GASA*, 
Gauntlets, 
GAVROUM, 
GAYA, 
GB, 
GB SKINS, 
GBS TROUSERS, 
GDC, 
gelato pique, 
GEM KINGDOM, 
gemistic, 
GEMMA.H UOMO, 
GENERAL CONFUSION, 
GENERAL RESEARCH,SASAGE
GENERIC SURPLUS, 
Genet Vivien, 
Genetic Denim, 
Genri, 
genten, 
Gentle Fawn, 
GEORGE COX,SASAGE
GEORGE FROST, 
George's, 
GEORGES RECH, 
Georgina, 
georginagoodman, 
Gerald＆Stewart, 
GERARD DAREL, 
GERLAN JEANS, 
GERM, 
GERMANO, 
GERUGA, 
get a life, 
Getta Grip, 
GG ET MARIA, 
GHERARDINI, 
Ghost, 
Giacometti., 
GiAMBATTiSTA VALLi, 
GIANFRANCO FERRE, 
GIANNI CHIARINI, 
GIANNI GREGORI, 
GIANNI VERSACE,SASAGE
Gianvito Rossi, 
Giftur Crump, 
GIGGLYROY, 
GIGNI, 
gilasoL., 
GILD, 
GILDED YOUTH, 
gilet, 
GILLES DUFOUR, 
GILLI, 
gillia, 
GILLY HICKS,※商社必須 
gima, 
Gimlet, 
Gina, 
GINETTE, 
GINGER ALE, 
GINZA, 
GINZA Kanematsu, 
GIOIA DELL’ACQUA, 
GIORDANO, 
GIORGIO ARMANI,SASAGE※商社必須 ※フェイク注意
GIORGIO BRATO, 
giovanni, 
giraffe, 
girl.by Band of Outsiders, 
Girtys Key, 
GISELe, 
GITMAN BROS., 
GIULIANO FIJIWARA, 
GIUSEPPE ZANOTTI DESIGN, 
GIVENCHY,SASAGE※商社必須 ※フェイク注意
GIZA, 
GLAD HAND,SASAGE
GLAM GENE, 
glamb, 
GLAMOROUS JANE, 
GLEAN＆Co., 
GLEN GORDON, 
Glen Prince, 
Glenalmond, 
GLENROYAL, 
GLITGE, 
GLITTER, 
GLOBAL FORME CONCRETE, 
global rythme essence, 
GLOBAL WORK, 
GLOBE, 
GLOBE-TROTTER, 
Glorious Gigot, 
glory crew, 
Gloverall, 
GLOW, 
GMMDRIVE, 
go slow caravan,サガール
GO SPROUT, 
GO TO HOLLYWOOD, 
goa, 
GOEN.J, 
GOGO PHILIP, 
GOHEMP,サガール
Gola, 
GOLD 24karats Diggers, 
Gold Hawk, 
golden freece, 
GOLDEN GOOSE,SASAGE※商社必須 
GOLDSIGN, 
gomme, 
gomme ENFANT, 
GOMME HOMME, 
gonoturn, 
goocy, 
GOOD BREATH EQUIPMENT ＆ CO., 
good hYOUman, 
GOOD OL', 
GOOD ROCK SPEED, 
good thing, 
GOODENOUGH,SASAGE※フェイク注意 
goodie two sleeves, 
GOODS PRESS, 
Goodwear, 
Goody Grams, 
Goody Grams Add, 
gorjana, 
gotairiku, 
GOTTEX, 
GOUT COMMUN, 
GOVIL, 
GOWEST, 
GOYARD,SASAGE
GRAB IN HOLLYWOOD, 
grace, 
GRACE by GOODY GRAMS, 
GRACE CLASS, 
GRACE CONTINENTAL, 
GRACE EASTERN, 
grace hats, 
gracis, 
GRAFFITI, 
grafik:plastic, 
Graham＆Spencer, 
Grail, 
GRAM, 
Gramicci,SASAGE
GRAND FATHER, 
grandcanyon, 
GRANDEUR PLUS, 
GRANDMA MAMA DAUGHTER, 
GRANDMOTHER, 
Grandphase, 
GRANELLO, 
graniph, 
Granite Gear, 
granpapa, 
graph, 
GRAPHIT LAUNCH, 
grass, 
GRAVIS, 
GRAZIE, 
GREAT BARRIER ISLAND BEE, 
GREED, 
green, 
green label relaxing, 
green MAN, 
GREEN RABBIT, 
GREGORY,SASAGE
GRENFELL, 
GRENSON, 
GREVI, 
GRIFFIN, 
GRIFFIN HARTLAND, 
Grime effect, 
Grin Kids, 
grintmati, 
grips, 
GROOVY COLORS, 
grove, 
GROWN＆SEWN, 
GRYPHON, 
G-SHOCK,SASAGE
G-STAR RAW,SASAGE※商社必須 
gsus sindustries, 
GTA, 
GUACAMOLE, 
Guardian, 
GUCCI,SASAGE
GUELL MUSTARD, 
GUESS by Marciano,SASAGE
GUIA`S, 
GUIDO DI RICCIO, 
GUILD JACOMO GALLERY, 
GUILD PRIME, 
GUILLAUME LEMIEL, 
GUILLAUMOND, 
Gula, 
gunda, 
GUNG HO,SASAGE
GURI GURI, 
GURU, 
GUY ROVER, 
GYAKUSOU,SASAGE※商社必須 ※フェイク注意
GYDA, 
gymmaster,サガール
GYMPHLEX,SASAGE
Gypsy 05, 
GYPSY CLOTH, 
Gypsy Fire Stream, 
GYPSY THREE ORCHESTRA, 
GYPSY＆SONS, 
H, 
H 1203 MANO FECE, 
H by Hudson, 
H＆M, 
H.A.K, 
H.HOLIDAY, 
H.P.FRANCE, 
HaaT,SASAGE
HABANOS, 
HACHE, 
HACKETT LONDON, 
haco., 
HAGAN, 
HAGLOFS,SASAGE※商社必須 ※フェイク注意
HAIDER ACKERMANN, 
HAKKA, 
HAKKIN.it, 
HALB, 
HALE BOB, 
HALFMAN, 
HALL OHARA, 
halo commodity, 
Halston Heritage, 
Hamble by Par Avion, 
HAMILTON,SASAGE
Hamiru, 
HAMNETT, 
HAMPTONS, 
HAN AHN SOON, 
Hanaa-fu, 
Hanako, 
HANALEI, 
HANES, 
hanii y., 
Hapiness 10, 
Happy Factory, 
HAPPY HOUR Sunglasses, 
hardcover, 
HARE,SASAGE
HARICOT ROUGE, 
HARIM, 
HARLEY, 
Harley-Davidson,SASAGE
HARRIS BROWN, 
HARRIS TWEED, SASAGE
Harriss, 
Harrods, 
HARUMI 610, 
HARUTA, 
HARVEST LABEL, 
Harvey faircloth, 
Hasek, 
HASH BROWNS, 
Hashibami, 
Hashibami muse, 
HAT attack, 
hatra, 
hats ＆ dreams, 
haunt, 
haupia, 
HAUTE, 
havaianas, 
Have a good time,SASAGE
HAVERSACK,SASAGE
Hawk Company, 
HAYSTACK, 
HbG, 
he;pt, 
HEAD PORTER,SASAGE
HEAD PORTER PLUS,SASAGE
HEADSTAR, 
Headstime, 
HEALTH, 
HEATH, 
Heather, 
HEAVEN, 
HECTIC, 
HEDDIE LOVU, 
HEIMSTONE, 
HEINRICH DINKELACKER, 
Helen Kaminski, 
HELENE, 
heliopole, 
HELL CAT PUNKS, 
HELLER'S CAFE,SASAGE
hellolulu, 
HELLS BELLS, 
HELLY HANSEN,SASAGE
HELMUT LANG,SASAGE※商社必須 ※フェイク注意
helter skelter, 
HeM, 
HEMISPHERES, 
Hender Scheme,SASAGE
Henrik Vibskov, 
HENRY BEGUELIN, 
HENRY＆HENRY, 
HER B, 
HERGOPOCH, 
Hermafrodite, 
HERMES,SASAGE
HERMOSA, 
HERNO,SASAGE※商社必須 
Herschel Supply Co., 
Herve Chapelier, 
HERZ,SASAGE
HEX, 
HG,SASAGE
HIAND, 
HIBECK, 
hibino, 
HIDE AND SEEK, 
HIGH STREET, 
HIGH! STANDARD, 
HIGHLAND 2000,SASAGE
HIGHLAND TWEEDS, 
HiLDK, 
HILFIGER DENIM, 
himitsu by syrup., 
HIMMY, 
HIPANEMA, 
hippiness, 
Hippopotamus, 
HIROFU, 
HIROKO HAYASHI, 
HIROMI TSUYOSHI, 
HISUI, 
HI-TEC,SASAGE
HLAM, 
HLH, 
HLNA, 
HNBM, 
hobo, 
HOGAN, 
Holic, 
holiday, 
HOLLANDER＆LEXER, 
Hollister, 
HOLLYWOOD MADE, 
HOLLYWOOD RANCH MARKET,SASAGE
Hombre Nino, 
HOMECORE, 
Homers, 
HOMES' UNDERWEAR, 
HONEY, 
Honey Bijou, 
Honey Bunch, 
Honey mi Honey, 
Honey Salon by foppish, 
HoneySalon by foppish, 
HONORE, 
Honour Ovation, 
HOORSENBUHS,SASAGE
HORACE, 
HORN G.M.T, 
hoss intropia, 
HOSU, 
HOTEL BUTTERFLY, 
HOUSE OF ANLI, 
HOUSE of Denim, 
HOUSE OF HACKNEY for PUMA, 
House Of Harlow1960, 
HOUSE OF HOLLAND, 
HOUSE OF THE GODS, 
House of Wilde, 
HOUSTON,SASAGE
HOW NATURAL?, 
HOWL, 
HTC,SASAGE※フェイク注意 
huberto s.muller, 
HUF, SASAGE
HUGO BOSS, SASAGE
HUMAN MADE, SASAGE
HUMAN WOMAN, 
HUMANOID, 
HUNCH, 
HUNT, 
HUNTER, SASAGE
Hunting World,SASAGE
HUNTISM, 
Hurley, 
HUS., 
HusHusH, 
Hussein Chalayan, 
HVANA, 
HYDROGEN,SASAGE※商社必須 ※フェイク注意
HYKE, SASAGE
hype, 
HYPSO, 
HYSTERIC GLAMOUR,SASAGE※商社必須 ※フェイク注意
HYSTERIC MINI,SASAGE※商社必須 ※フェイク注意
HYSTERICS,SASAGE※商社必須 ※フェイク注意
i, 
I am I, 
I AM I BOYGAL, 
I am I in fact..., 
I am I ONEROOM, 
I Eye's, 
I MEDICI, 
I PINCO PALLINO, 
I★RISH, 
Ian R.N., 
iBLUES, 
ICB, 
ICECREAM, 
ICHIMILE GRATORY, 
ICHI-MIRI, 
Ici et la, 
ICON, 
IDEA, 
IDEA LABEL, 
Idea Label BY BRUNO, 
IdeaDire, 
idealism sound, 
IDEO GARAGE, 
IENA,SASAGE
IIIBeCa BY JOY GRYSON, 
ikka, 
IKUMI, 
ikurah, 
IL BISONTE,SASAGE
il by saori komatsu, 
ila, 
ila vee dub, 
ILIAD, 
iliann loeb, 
ILIMA, 
Illesteva, 
I'm home, 
IMIND, 
IMITATION, 
Imitation of Christ, 
IMPERIAL, 
in cloudiness, 
In Red, 
INARI, 
incarnation, 
incase, 
INCERTUS, 
INCOTEX, SASAGE
INDAH, 
INDEPENDENT, SASAGE
index,SASAGE
INDIAN MOTORCYCLE, 
INDISPENSABLE, 
INDIVI,SASAGE
INDIVIDUALIZED SHIRTS, 
INDUSTRY OF ALL NATIONS, 
INESTIMABLE, 
INFINITO, 
Influence, 
INGEBORG, 
INGLOTT, 
INGNI, 
INGRID, 
INHABITANT, 
INHALE EXHALE, 
INHERIT, 
INI, 
INKJET MAFIA, 
Innamorato, 
innocente, 
inov-8,SASAGE
Inpaichthys kerri, 
insight, 
Insonnia Knit Wear, 
INSTEAD WE SMILE, 
inter- chaussures, 
INTERLINEAIRE, 
INTERLUD, 
International Gallery BEAMS, 
INTERPLANET, 
interstaple, 
Intimate Diary, 
INVERALLAN, 
inverni, 
io, 
IO PELLE, 
io yukomura Ta, 
Ioannis, 
IOMMI, 
IOSSELLIANI, 
IPANEMA, 
ippei takei, 
Irelands eye, 
IRENE VAN RYB, 
IRIE LIFE, 
Iriee, 
iriiri, 
IRIS CLUB, 
IRO, 
iro;-R-, 
IRONY, 
Iroquois, 
irose, 
Irregular Choice, 
ISAAC SELLAM, 
ISABEL MARANT,SASAGE
Isabela Capeto, 
ISAMUKATAYAMA BACKLASH,SASAGE※商社必須 ※フェイク注意
Isan Callas, 
ISAORA, 
ISBIT, 
iSkin, 
ISLAND SLIPPER,SASAGE
is-ness, SASAGE
Isola D'ischia, 
Issa London, 
ISSEY MIYAKE,SASAGE※商社必須 ※フェイク注意
IT SHAKES HANDS, 
ITADAKI, 
ITALIAN SHOEMAKERS, 
itazura, 
Ivanka Trump, 
IVOIRE, 
ivory court, 
IWC,SASAGE
IZREEL, 
J BRAND,※商社必須 
J＆Company,※商社必須 
J＆Goodmanhouse, 
J＆M Davidson,SASAGE
J.CREW,SASAGE
J.J. WINTERS, 
J.LINDEBERG, 
J.LO, 
J.M. WESTON, 
J.PRESS, SASAGE
J.R.Watkins, 
J.Sabatino, 
J.W.Anderson,SASAGE 
J.W.BRINE, 
jack gomme, 
JACK HENRY, 
Jack Russell Malletier, 
JACK SPADE, 
Jackman, 
JACKSON MATISSE, 
JACKY, 
JACOB COHEN, SASAGE
JACQUES LE CORRE, 
Jacques Marceau, 
JAIME MASCARO, 
JALAN SRIWIJAYA, 
JAM HOME MADE, 
JAMA RICO, 
James Charlotte, 
JAMES PERSE, 
Jamey, 
Jamgarden, 
Jamin Puech, 
JAMISON, 
JAN SPORT, 
JANE CARR, 
Jane Marple, 
JANE MORE, 
JANESMITH, 
janis market, 
Jas M.B., 
JASON WU, 
Jassie, 
J'attache organic, 
JAyco, 
JB Girl, 
JEAN DIADEM, 
JEAN GRISONI POUR VENDOME AOYAMA, 
JEAN NASSAUS, 
JEAN PAUL GAULTIER FEMME, SASAGE
JEANASIS, 
JEANCOLONNA, 
JEAN-PAUL GAULTIER, SASAGE
JEAN-PAUL KNOTT, 
JEANSHOP, 
Jeffrey Campbell, 
JELADO,SASAGE
Jel'emets solo, 
JELLY, 
JELLY BEANS, 
JELLY GARCIA premium wear, 
JENEVIEVE, 
Jenni Kayne, 
Jen's Pirate Booty, 
JEORDIE’S, 
JEREMY SCOTT, 
Jessica Kagan Cushman, 
Jessica Simpson, 
JET, 
JET John Eshaya, 
Jet Label, 
jetee, 
JETSET SOLO PLUS, 
jevous enprie!, 
Jewel Changes, 
Jewelna Rose, 
Jewels ROUs, 
Jewels seek, 
JFOUR, 
JHS, 
Jieda, SASAGE
JIGGY, 
JIL SANDER, SASAGE
JILKY, 
JILL by JILLSTUART,※商社必須 ※フェイク注意
JILLSTUART,※商社必須 ※フェイク注意
JIMMY CHOO,SASAGE
JIMMYZ, 
Jimy’s Charmer, 
Jines, 
Jipijapa, 
Jiva, 
jj mercer, 
JjEeRrEeZz, 
JOAQUIN BERAO, 
Joe Casely-Hayford, 
JOE McCOY,SASAGE
JOE PORTER, 
JOE SANCHEZ, 
Joelle Gagnard, 
JOE'S JEANS, 
JOEY FACTORY, 
JOEY HYSTERIC, 
Johanna Ho, 
JOHN ARMERS, 
JOHN BRANIGAN WEAVERS, 
JOHN LAWRENCE SULLIVAN, SASAGE
John Molloy, 
JOHN SMEDLEY, SASAGE
JOHN VARVATOS, 
JOHN＆PEARL, 
JOHN’S TEEPEE, 
Johnbull,SASAGE
Johnbull Private labo, 
JOHNNY MOKE, 
JOHNNY WAS, 
Johnson Moters..Inc, 
Johnson Woolen Mills, 
Johnstons,SASAGE
JohnUNDERCOVER,SASAGE※商社必須 ※フェイク注意
Joias, 
Joie, 
JOINTRUST, 
JOLI, 
JOLIE ASKA, 
Jolly Days, 
Jonathan Richard, 
Jonathan Simkhai, 
Jonnlynx, 
JOOMI LIM, 
JORDAN BRAND, SASAGE
JOSEPH, SASAGE
JOSEPH ABBOUD, 
JOSEPH CHEANEY＆SONS, 
JOSEPH HOMME, 
JOSHI, 
Joshua SANDERS, 
Jouete, 
jouetie, 
joujou, 
JOUR de Language, 
JOURNAL STANDARD,SASAGE
journal standard Furniture, 
JOURNAL STANDARD J.S HOMESTEAD,SASAGE
journal standard L'essage,SASAGE
JOURNAL STANDARD LUXE, 
JOURNAL STANDARD relume,SASAGE
Journal Standard TRISECT, 
Jovovich-Hawk, 
JOYRICH,SASAGE※商社必須 ※フェイク注意
JT ＆ CO, 
Juana de Arco, 
JUCO., 
JugeETTA, 
juha, 
JUICY COUTURE,※商社必須 
jujube, 
Jujubee, 
JULIA PARKER, 
Juliana Jabour, 
Julie Sandlau, 
JULIEN DAVID, 
JULIUS, SASAGE
JUN ASHIDA, 
JUN OKAMOTO, 
JUN WATANABE, 
JUNCO Paris, 
junhashimoto, SASAGE
Juniper Ridge, 
JUNK de LUXE, 
JUNK FOOD,※商社必須 
JUNMEN, 
JUNRed, 
JUNYA WATANABE COMME des GARCONS,SASAGE※商社必須 ※フェイク注意
JUNYA WATANABE COMME des GARCONS MAN,SASAGE※商社必須 ※フェイク注意
JUPITER, 
Jupiter＆Juno, 
JURIANO JURRIE, 
JUSGLITTY, 
Just Cavalli,※商社必須 
JUSTIN DAVIS,SASAGE
JUVENILE HALL ROLLCALL, 
Juze, 
Jwyed, 
K・SWISS, 
k3, 
k3＆co, 
ka::dinsky, 
kaene, 
Kahiko, 
Kai Lani, 
Kain Label, 
kakatoo, 
Kalliste, 
KAMATATI, 
KAMISHIMA CHINAMI, 
KANATA,SASAGE
KANEKO OPTICAL, 
KANGOL,SASAGE
Kangra, 
kanna, 
kao pao shu, 
Kaon, 
KAPITAL, SASAGE
Kaptain Sunshine,SASAGE
karakoram accessories, 
KAREN LIPPS, 
KAREN WALKER, 
KariAng, 
KARINE, 
Karl Donoghue, 
KARL LAGERFELD,SASAGE
KARMA HIGHWAY, 
Karrimor,サガール
KARTIS, 
Kassiopea, 
Kastane, 
kate and kass, 
KATE MILLER, 
kate spade new york,SASAGE
KATHARINE HAMNETT, SASAGE
KATHARINE ROSS, 
Katie, 
KATO`,SASAGE
KATSUYUKI KODAMA, 
KAVITA BHARTIA, 
KAVU,サガール
Kawa-Kawa, 
KAWI JAMELE, 
KAZUYUKI KUMAGAI ATTACHMENT, SASAGE
KBF,SASAGE
KEATON CHASE, 
Keds, 
KEEN,SASAGE
KEI Hayama PLUS, 
keiji ITAKURA, 
Keikiii, 
keisuke kanda, 
KEITA, 
KEITA MARUYAMA,SASAGE
Keith Haring, 
Kelen, 
KELTY,サガール
Kemit, 
"Kengo Kuma + MA,YU", 
KENJIIKEDA, 
KENKENKEN, 
Kenneth Jay Lane, 
Kenny, 
Kentia, 
KENZO,SASAGE※フェイク注意 
KENZO MINAMI,SASAGE
Kepani, 
kersh, 
ketty, 
Keyte, 
KHADI ＆ CO, 
Khaju, 
KID BLUE, 
KIDILL, SASAGE
Kidole., 
KIDS, 
KIDS LOVE GAITE, 
KIFFE, 
KIIRA, 
kiit, 
KIJIMA TAKAYUKI, 
KIKKA THE DIARY OF, 
KIKKER LAND, 
KIKS TYO, 
killah, 
Kimchi Blue, 
kiminori morishita, 
kinetics, 
Kinfolk, 
KINGLY THEATRE PRODUCTS, 
kino, 
KIRALY, 
kirkko, 
kiryuyrik, 
Kitamura, 
Kite and butterfly, 
Kitica, 
kitson, 
KITSUNE,SASAGE※フェイク注意 
Kitsune' Tee,SASAGE※フェイク注意 
Kiwanda, 
KiwaSylphy, 
KIWI, 
KKOK, 
kladskap, 
KLASICA, 
KLATTERMUSEN,SASAGE
Klin DENIM, 
KMB, 
KMRii, 
KNIFE ACOUSTICK GROOVE, 
Knit Kitchen, 
knitchy, 
KNITT03, 
KNOTT, 
kobe husk, 
KOE, 
KOhZO DENIM, 
kolor, SASAGE
Komodo, 
KONTATTO, 
KONTESSA, 
Kooba, 
KOOKS＆CHELICA, 
Koolaburra, 
KOOS, 
KOROMO BY RICO, 
KOSTAS MURKUDIS, 
KOSTYM BY CHEAP MONDAY, 
KotoDaMA, 
KRAFTRIPS＆Co., 
KRIS VAN ASSCHE,SASAGE※商社必須 
KRISTINA TI, 
KRIZIA, 
krone, 
KRYPTON, 
KSUBI, SASAGE
KTZ,SASAGE
ku:nel, 
Kukka Lucca, 
KULSON, 
KUNNA, 
KURFER TOO, 
KURO, 
kuskus, 
KUSTOM, 
kvell, 
KWAY, 
K-WAY, 
kyoji maruyama, 
Kyuis, 
L, 
L by miss L-FIRE, 
L.B.M.1911, 
L.E.D.BITES, 
L.G.B., 
L.H.P, 
L.I.F.E, 
L.L.Bean,SASAGE
L.vintage, 
L’allure, 
L’AMERICA, 
L’Appartement, 
L’AURA, 
L’histoire se repete, 
L’SULLY, 
L・SPACE, 
L7 REAL HIP, 
la belle Etude, 
la bonica, 
La Botte Gardiane, 
La Campanella, 
LA CASTA, 
La Claree, 
La cle, 
La Collection Compacte, 
la cream, 
La Defence, 
La Fine, 
LA made, 
La Maison de Lyllis, 
La maison du marseille, 
LA MARINE FRANCAISE, 
LA MER COLLECTIONS, 
LA PERLA, 
La Piece, 
La Sartoria, 
La scene privee, 
La Tenace, 
La TOTALITE, 
la.f…, 
laboratory work, 
LABRAT, 
Labyrinth, 
Lacey Parker, 
LACOSTE, SASAGE
LACOSTE L!VE, SASAGE
LAD MUSICIAN, SASAGE
LADUREE, 
Lady green, 
LADY LUCK LUCA, 
ladybird, 
LADYMADE,SASAGE
Lafayette, SASAGE
Lafuma, 
LAGASHA, 
L'AGENCE, 
Lagoon, 
LAGUNAMOON, 
LAGUST, 
LAIZA, 
LAKAI, 
LaLa Senorita, 
LALACUB, 
LALLEGRO, 
LAM CI, 
LAMINA, 
LAMOND., 
Lampe Jente, 
LANCEL,SASAGE
L'Ancre, 
LAND OF FREEDOM, 
LANDS OF Eden., 
LANDSCAPE PRODUCTS, 
Langlitz Leathers,SASAGE
Language, 
LANI, 
Lani california, 
LANTIKI CROWN, 
LANVIN,SASAGE※商社必須 
LANVIN collection, SASAGE
LANVIN en Bleu, SASAGE
LANVIN Paris, SASAGE
LAPIS BEAMS, 
LAPIS LUCE PER BEAMS, 
Lapis-miu, 
Lapuis, 
lapu-lapu, 
Lara＆Heart, 
L'arcobaleno, 
LARDINI, SASAGE
LaROK, 
LARRY, 
LASS MUSICIAN, 
LASSU＆FRISS, 
Last Wild Angel, 
LAST-HEAVEN, 
l'atelier du savon, 
LATESHOW, 
LATINA, 
Laugoa, 
Laula, 
LAURA ASHLEY, 
LAURA ASHLEY london, 
LAURA DI MAGGIO, 
laura urbinati, 
LAUREN MERKIN, 
LAUREN MOFFATT, 
Lauren Moshi, 
LAURENCE DOLIGE, 
L'AUTRE CHOSE, 
LAUTREAMONT, 
LAVENHAM,SASAGE
LAWRENCE STEELE, 
Laxmi, 
Layla Rose, 
LAZY OAF, 
LAZZERI, 
LBC, 
LD prime, 
Le 14 Fevrier, 
LE A NOULE, 
Le Api Operaie, 
Le Chione, 
LE CIEL BLEU, 
le ciel de harriss, 
LE COMPLICI, 
le coq sportif,サガール
LE CRABE ROUGE, 
LE GLAZIK, 
LE JOUR, 
LE JUN, 
Le LABOUREUR, 
Le meilleur, 
Le mie Ballerina, 
Le Minor, 
Le Passe-temps Bleu, 
le petit bleu, 
Le Sarte Pettegole, 
Le Talon, 
LE TiROiR de DRESSTERIOR, 
Le Tricoteur, 
Le Vernis, 
Le Verseau, 
Le Verseaunoire, 
le.coeur blanc, 
Lea Clement, 
LEADWORKS, 
Leather Island, 
Lee,SASAGE
Left Field, 
Lefua lea, 
LEGENDA, 
Lelativement, 
LEMINOR, 
lemlem, 
LEMON AND SODA JOINT WORKS, 
LEONARD, SASAGE
LEONIAS, 
LEOPOLDO GIORDANO, 
LEP LUSS, 
LEPSIM LOWRYS FARM, 
LERARIO BEATRIZ, 
LES ACCESSOIRES CHARMANTS par nimes, 
LES BENJAMINS, 
LES BIJOUX DE SOPHIE, 
les Briqu’a braque, 
Les Copains, 
Les Folies Dharry, 
Les Nereides, 
Les Olivades, 
Les Prairies de Paris, 
les sacs adam, 
LeSportsac, 
LESS THAN HUMAN, 
L'EST ROSE, 
LET IT RIDE, 
LETIZIA FERRARI, 
LeTom, 
Letroyes, 
leur logette, 
levia-lavia, 
Levi's,SASAGE
Levis BLACK,SASAGE
Levi's RED,SASAGE
LEVI'S VINTAGE CLOTHING,SASAGE
LEXDRAY, 
LEXX MODA, 
LEYENDECKER, 
LHS BLONDY, 
LIBERTAS, 
LIBERTY, 
LibertyDoll, 
Libra, 
licht bestreben, 
lidah, 
liddelu, 
lideal, 
Liesse, 
LIFE with BIRD, 
liflattie ships, 
light ＆ will, 
Lightning Bolt, 
LIJ, 
LIKA MIMIKA, 
Like Saturday, 
LIL ALMOND, 
Lilas Campbell, 
LiLi Lurex, 
LILICIOUS, 
Lilid05, 
Lilidia, 
lilLilly, 
Lilly Lynque, 
Lilou, 
LILT, 
Lily, 
Lily Brown, 
Lily＆Betty, 
lilytoe, 
LIMI feu, SASAGE
LIMITLESS LUXURY, 
LINDA, 
Linea Pelle, 
LINGUA FRANCA, 
LION HEART, 
LIP OF HONEY, 
LIP SERVICE, 
LIPSTAR, 
LIPSY, 
Lisa Larson, 
Lisiere, 
LiSS, 
LISTEN HEARTBEAT, 
LITHIUM FEMME, 
LITHIUM HOMME, 
LITIRA, 
Little deicy, 
little emblem, 
Little me couture, 
Little sunny bite, 
Littny, 
LIVERTINE, 
LiVES, 
LIVING CONCEPT, 
LIVS, 
LNA, 
loaf, 
Loake, 
LOAVES, 
LOCAL, 
LOCAL CELEBRITY, 
LOCAL SUPPLY, 
LOCALINA, 
Locals, 
Loderetto, 
LODGE, 
LODISPOTTO, 
LOEFFLER RANDALL, 
LOEWE,SASAGE※ブランド 
LOGOS,サガール
LOKITHO, 
LOKY, 
LOLA, 
LOLITA JEANS, 
LOLO, 
LONDONFOG, 
Lone Lone, 
LONE ONES,SASAGE
Lonely Hearts, 
LONGCHAMP, SASAGE
Lono, 
LONSDALE, 
loomstate, 
LOOP, 
loops, 
LOOPWHEELER,SASAGE
Loree Rodkin,SASAGE
LOREN’S, 
LORENZO-MARI, 
LORINZA, 
Loro Piana, SASAGE
LOSICARIE, 
LOST CONTROL, 
Lost dessau, 
lot holon, 
lot lamb, 
Lotta Love, 
Louches, 
LOUIS VUITTON,SASAGE
LOUISON, 
Louｌou Willoughby, 
LOUNGE LIZARD, 
Loungedress, 
Lourmarin, 
love ＆ hate, 
LOVE COULEUR, 
LOVE ESCAPE, 
Love Free, 
LOVE GIRLS MARKET, 
LOVE QUOTES, 
LOVE SAM, 
Love＆Peace＆Money, 
Lovedrose＆Co., 
LOVEHUNTER, 
LOVELESS, 
loves by tomonga, 
LOV-IN Bouquet, 
LOWRIDER, 
LOWRYS FARM, 
LOWY, 
LUANA, 
LUCA/LADY LUCK LUCA, 
LUCIANO FABBRI, 
Lucien Pellat-Finet, SASAGE
Lucky Brand, 
LUCKY JOHN, 
LUCY IN DISGUISE, 
LUCY LOVE, 
LUDLOW, 
Luella, 
LUGGAGE LABEL,SASAGE
Lugnoncure, 
Lui e Lei, 
LUIGI BORRELLI, 
Lui's, 
LUKA＆jean, 
LUKER BY NEIGHBORHOOD,SASAGE※フェイク注意 
Lulu FROST, 
LULU GUINNESS, 
LULU ON THE BRIDGE, 
LULU＆CO, 
LUNA LLENA, 
LuncH, 
Lupinas, 
LUSSO MALENA, 
Lusso vita weekend, 
LUTZ, 
LUV Timmy, 
Luva TRAM, 
Luvlicious, 
Luxage Odette e Odile, 
Luxjewel, 
luxluft, 
LUXXM, 
LUZ, 
LYDIE, 
LYLE＆SCOTT, 
LYNN ADLER, 
M, 
M by mio notis, 
M＆M, 
M.Cohen, 
M.Fil, 
M.GRIFONI, 
m.marani, 
M.MOWBRAY, 
M.Nii, 
m.soeur, 
M.U.S, 
M/M ATTACHMENT, 
m’s select, 
M･A･R･S, 
MA, 
MA*RS, 
MA_JULIUS, 
maan, 
maarenca, 
mabu, 
MACARONIC, 
MACBETH, 
maccheronian, 
machatt,SASAGE
Mackage, 
MACKDADDY, 
Mackintosh,SASAGE
MACKINTOSH PHILOSOPHY,SASAGE
MACON ＆ LESQUOY, 
MACPHEE,SASAGE
MAD FOOT, 
MAD LOVE, 
MADAME A PARIS, 
MADDEN, 
Made in COLKINIKHA, 
made in HEAVEN, 
Made in JAPAN denim (middle straight), 
Made in JAPAN denim (slim straight), 
Made in JAPAN denim (straight), 
made in standard, 
made of Organics, 
MADE U LOOK, 
MADISON BLUE, SASAGE
MADRAS, 
Mads Norgaard, 
MAESTRI FIORENTINI, 
Magali Pascal, 
MAGIC NUMBER, 
MAGIC SQUARE, 
MAGIC STICK, SASAGE
Magical Design,SASAGE※フェイク注意 
Magine, 
magneT, 
Magnetic, 
MAHARISHI, SASAGE
mahna mahna, 
MAIDEN NOIR, 
maillot, 
MAISON Birth, 
MAISON BOINET, 
Maison de Vacances, 
MAISON GILFY, 
MAISON KITSUNE,SASAGE※商社必須 ※フェイク注意
MAISON MARGIELA,SASAGE※商社必須 ※フェイク注意
MAISON MICHEL, 
MAISON MON AMOUR, 
MAISON SCOTCH, 
MAISON＆VOYAGE, 
Maje, 
MAJESTIC FILATURES, 
MAJESTIC HOMME, 
MAJESTIC LEGON, 
MAKAVELIC,SASAGE
Makers, 
MAKI UEHARA, 
MAKIE, 
MAKIN JAN MA, 
maktig, 
MALAIKA, 
MALIBU SHIRTS, 
MALIPARMI, 
MALKOMALKA, 
MALOLES, 
mama, 
mame, 
Mammut,SASAGE※商社必須 ※フェイク注意
man＆wood, 
MANASTASH,SASAGE
MANDARINA DUCK, 
mando, 
Mane Fisker, 
MANEBI, 
MANGO, 
Manhattan Portage,SASAGE
ManhattanPassage, 
MANIAC WORKS, 
MANIERA, 
MANIERE de NOJESS, 
manipuri, 
MANNA, 
Manolo Blahnik, 
Manon＆Gigi, 
MANOUQUA, 
MANOUSH, 
Mansant, 
MANSUR GAVRIEL, 
manu, 
MANUAL ALPHABET,SASAGE
MANUFACTURED BY Sailor’s, 
manydope, 
mao made, 
MAPLE CREEKS, 
MAPTOTE, 
MAQUIA, 
MAR ENTERPRISE, 
Mara Hoffman, 
MARAIS USA, 
marble, 
marble sud, 
Marblee, 
MARBLES, 
MARC BERNSTEIN, 
Marc by Marc Jacobs,SASAGE※フェイク注意 
MARC JACOBS,SASAGE※フェイク注意 
Marc Le Bihan, 
MARCEL MARONGIU, 
MARCELO BURLON,SASAGE※フェイク注意 
marchercher, 
MARCO BIANCHINI, 
marco masi, 
MARCO TAGRIAFERRI, 
MARCOMONDE, 
MARE, 
MARECHAL TERRE, 
MARELLA, 
MARGARET HOWELL,SASAGE
margaret nicole, 
MARGINAL GLAMOR, 
Maria Bonita Extra, 
MARIA CARLA, 
Maria La Rosa, 
MARIAN, 
mariclaire, 
Marie femme, 
Marie Laure Chamorel, 
MARIHA, 
Marilyn Moon, 
marimekko,SASAGE
MARINE UNIFORM, 
MARINEDAY, 
MARIO MATTEO, 
MARIOS, 
Marios Schwab, 
Marisol, 
MARITHE + FRANCOIS GIRBAUD,SASAGE※フェイク注意 
marjan pejoski, 
MARK MCNAIRY, 
MARK＆LONA, 
marka,SASAGE
markaware,SASAGE
MARKEY'S, 
Markus Lupfer, 
marle, 
MARMOT,SASAGE
MARNI, SASAGE
marqet, 
MARQUI, 
marquis, 
Marquise de blanc, 
Mars, 
marsell, 
marshmallow crown, 
Martha Stewart Crafts, 
MARTIN GRANT, 
MARTIN MARGIELA,SASAGE※商社必須 ※フェイク注意
MARTINA, 
Martine sitbon, 
MARTINICA, 
martinique, 
martique, 
MARTLELO TOLEDO, 
MARVELETS, 
Marvy Jamoke, 
MARY AL TERNA, 
MARY QUANT, 
MASACA, 
MASACA HAT, 
MASAHITO UJI, 
Masaki Matsushima, 
MASAYUKI MARUKAWA, 
MASLIN＆co, 
Mason Apartment, 
MASON DE PLAGE, 
MASSE*MENSCH, 
MASSIMO, 
Massimo Alba, 
MASTER＆Co, 
mastermind JAPAN,SASAGE
MASTERPIECE, 
master-piece,SASAGE
mat quotidien, 
MATATABI, 
matelasse durer, 
MATERIA, 
MATERIAL, 
MATIX, 
matohu, 
MATRIOCHKA, 
MATT＆NAT, 
matta, 
Matthew Williamson, 
Maurie ＆ Eve, 
MAURIZIO PECORARO, 
MAURO de BARI, 
Mauro Grifoni, 
MAURON, 
MAUVAISES HERBES, 
Max Mara,SASAGE
Max＆Co., 
maxandcleo, 
Maxi, 
maxsix, 
Maybook, 
MAYLE, 
MAYO SPRUCE, 
MAYSON GREY, 
MAYURA, 
McGREGOR, 
MCM,SASAGE
McQ,SASAGE
McQ ALEXANDER McQUEEN PUMA,SASAGE
McRitchie, 
me, 
me couture, 
Me Myself, 
me you, 
me＆me couture, 
meagratia, 
mean, 
MEDA, 
Medecine Douce, 
mederu jewelry, 
MEDICINE OPTICS, 
MEERMIN, 
MEG SASAKI, 
MEGAN PARK, 
megumi ochi, 
MEI, 
Meissi, 
meJane, 
mel, 
MELANTRICK HEMLIGHET, 
melie bianco, 
melissa, 
Melissa McArthur, 
mellow yellow PARIS, 
MELO, 
melple, 
MELROSE, 
MEMENTISM, 
MEMENTO, 
MEN'S BIGI, 
MEN'S MELROSE, 
MERCEDES SALAZAR, 
Merceria Dressterior, 
merci, 
mercibeaucoup, 
mercules, 
MERCURY Bijou, 
MERCURYDUO, 
mercuryLUX, 
mercy., 
MERRELL,SASAGE
MERREM, 
merry jenny, 
MERVEILLE H., 
Mes Demoiselles..., 
MET, 
Metamorphose, 
MEW New York, 
Mezcalero, 
MezzoPiano, 
MHI by maharishi, 
MHL.,SASAGE
Mi Armario, 
MIANSAI, 
MICA＆DEAL, 
MICHAEL BASTIAN, 
MICHAEL KORS, SASAGE
Michal Negrin, 
MICHEL KLEIN, 
MICHEL KLEIN HOMME, 
MICHEL PERRY, 
MICHEL VIVIEN, 
MICHIKO LONDON KOSHINO, 
MICOAMERI, 
MID by MIDWEST, 
MID TIDE, 
MidiUmi, 
MIDWEST, 
miel, 
miel crishunant, 
mielle, 
miely, 
Mighty Shine, 
MIGHTY-MAC, 
MiH Jeans, 
MIHARA YASUHIRO, SASAGE
MIIA, 
miimu cirsium japonicum, 
miista, 
MIKA SAROLEA, 
Mike ＆ Chris, 
Miki MIALY, 
mikia, 
MIKIMOTO, 
mikke, 
mila mila, 
Mila Owen, 
milesto, 
MILK, 
milk ＆ soda, 
MILKBOY, SASAGE
MILKCRATE, 
MILKFED.,SASAGE
MILLE REVE, 
millennia, 
MILLER, 
MILLET,SASAGE
millieto, 
MILLION CARATS, 
Milly, 
Milok, 
mimi＆roger, 
Mimic Copenhagen, 
mimo, 
min plume, 
MIN.LI..ELL, 
mina perhonen,SASAGE
Mind Code, 
minelli, 
Minelli Renato, 
MINI A TURE, 
minimarket, 
MINIMUM, 
minirdees, 
MINK PINK, 
Minnetonka, 
MINOTAUR, 
mint, 
Mint conditions, 
mintdesigns, 
Minx, 
mio.y, 
miraco, 
miraville, 
MIRIAM HASKELL, 
Miriam Ocariz, 
MIRROR OF Shinzone, 
misaharada, 
MISCELLANEOUS, 
MISCH MASCH, 
MISHKA, SASAGE
Miss Adora, 
miss ashida, 
Miss Bibi, 
MISS L-FIRE, 
Miss Me, 
MISSONI, 
miu miu,SASAGE
MIX SHOES, 
MIXTA, 
MIZUKI, 
MIZUNO CREATION,サガール
mjuka, 
MK MICHEL KLEIN, 
MK MICHEL KLEIN  HOMME, 
Mk2k, 
MM by Mami Mochinaga, 
MM6, SASAGE
mmts, 
MNbyLepidos, 
MNEMOSYNE / KID'S, 
MNG, 
MOBILE ASHTRAY, 
mocha, 
MODALU, 
Mode et Jacomo, 
Modify, 
MofM(manofmoods),SASAGE
MOGA,SASAGE
MOHI, 
Mollini, 
molo kids, 
momoni, 
Mon tsuki, 
MONCLER,SASAGE※商社必須 ※フェイク注意
monde of gloria, 
MONET, 
MONETA BLU, 
monikoto, 
MONIQUE CHARTLAND by GOODY GRAMS, 
MONITALY, 
MONKEE GENES, 
monkey bite, 
MONKEY TIME,SASAGE
MONKEYBUSINESS, 
Monocrom, 
Monro, 
MONROW, 
MONSIEUR LACENAIR, 
MONSIEUR LACENAIRE, 
MONTANA, 
MONTANE, 
mont-bell,SASAGE
MONTEDORO, 
MONTGOMERY, 
Montura, 
MOOK., 
MOOMIN, 
MoonNee, 
MOONSTONE, 
MORABITO, 
more than words, 
MORGAN DE TOI, 
MORGAN HOMME, 
MORIKAGE SHIRT, 
MOROKOBAR, 
Morphine Generation, 
Morris ＆ Sons,SASAGE
MORRISON NEW YORK, 
MOSCHINO, SASAGE
MOSCHINO CHEAP AND CHIC, 
MOSCHINO JEANS, SASAGE
Mossimo, 
MOSSLIGHT, 
MOTEL, 
Motel Rocks, 
mother, 
MOTHER DENIM, 
Mother of Pearl, 
MOTIVE, 
motonari ono, 
MOUNTAIN EQUIPMENT,SASAGE
MOUNTAIN HARD WEAR,SASAGE
MOUNTAIN RESEARCH, SASAGE
MOUNTAIN SMITH, 
mountainmania, 
MOUSSY, 
MOYNA, 
M-PREMIER, 
M-premier BLACK, 
MR HEARTS, 
Mr. BATHING APE, 
Mr.Black, 
MR.CARRY, 
MR.EVERYDAY`S, 
Mr.GENTLE MAN, 
MR.OLIVE, 
MR.OLIVE(Eagle Of Independence), 
MR.VARAL, 
m's braque, 
M'S GRACY,SASAGE
Ms.SandyClause, 
MSGM,SASAGE※商社必須 
MSPC, 
Mt RAINIER DESIGN,SASAGE※フェイク注意 
mtg., 
mudoca, 
MUGNAI, 
muguet, 
MUHLBAUER, 
MUIR, 
MUK, 
mukii, 
Mulberry, 
mulinsen, 
muller of yoshiokubo, 
multeepurpose, 
MULTIPLE MARMERADE, 
Munich, 
Murder License, 
MURIEL＆MERCURIA, 
MURMUR, 
MURUA, 
MUSE, 
MUSE de Deuxieme classe, 
MUSEE DUJI, 
MuseR, 
museum neu, 
museum neu v, 
muta, SASAGE
MUVEIL, 
MUVEIL WORK, 
MUZE, 
MUZINA, 
MWOBHM, 
my beautiful land let, SASAGE
my D'artagnan, 
My Fav. CHILD WOMAN, 
my panda, 
MYE-DO', 
Mynt Denim, 
MYSTERY RANCH,サガール
mystic, 
MYSTIQUE, 
mysty woman, 
MySuelly, 
mythography, 
MZ WALLACE, 
nﾟ 11, 
nﾟ 44, 
n(n),SASAGE※フェイク注意 
n(n) BY NUMBER (N)INE,SASAGE※フェイク注意 
N. Natural Beauty Basic, 
N.HOOLYWOOD, SASAGE
N.I.M, 
N21 numero ventuno,SASAGE
N4, 
N゜8VANI, 
NADA., 
naisia, 
NAISSANCE, 
NAiyMA, 
NAKAMOL, 
Naked ＆ Famous,SASAGE
nakEd bunch, 
naked sun, 
NAKID by G.V.G.V., 
Name., SASAGE
nana, 
nana nadesico, 
nanamica, SASAGE
NANATONE, 
nanette lepore, 
NANNINI, 
nano・universe,SASAGE
nanushka,SASAGE
NAOT,SASAGE
napron, 
NARACAMICIE, 
narciso rodriguez, 
Nardelli, 
narifuri,SASAGE
NARRATIVE PLATOON, 
NaRu, 
NARVI’K, 
Nasngwam, 
NASSOW, 
NATAL DESIGN, 
NATION, 
national standard, 
Native, 
NATTAHNAM, 
Natupa, 
NATURAL BEAUTY BASIC, 
natural stance Libre, 
NATURAL WORLD, 
NAU, 
NAUTICA,SASAGE
NAVAL, 
NAVANA, 
navasana, 
NAVE, 
NAVY, 
Nazareno Gabrielli, 
NBA, 
ncLA, 
ne, 
Ne Ne California, 
NE QUITTEZ PAS!, 
near.nippon., 
Nebulla Venti, 
Nebuloni, 
Needles,SASAGE※商社必須 ※フェイク注意
NEIGHBORHOOD,SASAGE※フェイク注意 
NEIL BARRETT,SASAGE※フェイク注意 
nena, 
NENEMONA, 
Ne-net, 
NEO, 
Neon, 
Neon Soda, 
NEPENTHES,SASAGE
nesessaire, 
nest Robe,SASAGE
NESTA, 
Neukoln, 
NEW BALANCE,SASAGE
NEW ERA, SASAGE
NEW WORLD ORDER, 
NEW YORK HAT, 
New York Industrie, 
NEXUSVII, 
Nfy, 
ni plus ni moins REI, 
NICE COLLECTIVE, 
niche., 
NICHOLAS K, 
nici, 
NICKY, 
Nicolas Andreas Taralis, 
NICOLAS＆MARK, 
NICOLE FARHI, 
Nicole Lee, 
nicole miller, 
Nigel Cabourn,SASAGE
NIGOLD, 
NIKE,SASAGE※フェイク注意 
NIKE NSW, SASAGE
NIKE SB,SASAGE※フェイク注意 
niko and..., 
nil admirari, 
NILI LOTAN,SASAGE
NIMES, 
nimes et nimes, 
nina mew, 
NINA RICCI,SASAGE
nina's, 
NINE, 
Nine ground, 
Nine Tailor, 
NINE WEST, 
NineMicrophones, 
ninita, 
nisica,SASAGE
NISUS HOTEL, 
NIT, 
nitca, 
NITEKLUB, 
nitraid, 
niuhans, 
NIXON,SASAGE
NLST,SASAGE
nnn, 
no brand, 
NO CONTROL AIR,SASAGE
NO ID., 
NO KIDDING, 
NO NAME,SASAGE
No.l.ita, 
No6,SASAGE
Noble Birth, 
nobox, 
Noela,SASAGE
noglam, 
NOJESS,SASAGE
NOLLEY’S,SASAGE
NOMA t.d., SASAGE
NOMBRE IMPAIR, 
Nomine, 
NON TOKYO,SASAGE
nonnative, SASAGE
non-sens, 
NookNook, 
nooy, 
NORA, 
norikoike, 
normakamali,SASAGE
Norrona,SASAGE
Norse Projects,SASAGE
NORTH BEACH, 
NORTH WORKS, 
northcorner, 
NOT RIGID, 
nota, 
note et silence, 
NOTIFY, 
nouno, 
November, 
NOVESPAZIO, 
NOVESTA,SASAGE
noyet, 
NOZOMI ISHIGURO,SASAGE
npw, 
NR.FLAG, 
NU, 
nu collective, 
nuala, 
NUDE PLUS, 
nude:masahiko maruyama,SASAGE
Nudie Jeans, SASAGE
NUEVO, 
Nuggets, 
NUMBER (N)INE, SASAGE
NUMBER (N)INE DENIM, SASAGE
NUMBER STANDARD, 
NUMBER TWENTY-ONE,SASAGE
NUMERO UNO, 
nunu, 
NUTS＆BONES,SASAGE
NUUR, 
ny, 
nymphea, 
O gran naso!, 
o.d.o, 
O.K., 
O.M.G, 
O.X.S RUBBER SOUL, 
O’2nd, 
O’NEIL of DUBLIN,SASAGE
OAK STREET,SASAGE
OAKLEY,SASAGE
Obelisk, 
OBEY, SASAGE
OBJETSTANDARD, 
Obstinacy, 
occupy, 
ocean pacific, 
OCEAN UNION GENERAL STORE, 
ODD FUTURE,SASAGE
Odd molly,SASAGE
ODD-EVEN, 
Odette e Odile,SASAGE
Odeur, 
oeuf doux, 
OF THE NEIGE STYLE, 
OF TWO MINDS,SASAGE
OFF-WHITE,SASAGE
Oh Sherry, 
ohta, SASAGE
ojaga design,SASAGE
OKIRAKU, 
OKURA,SASAGE
OLD BETTYS, 
OLD ENGLAND,SASAGE
OLD JOE ＆ CO., 
OLGA DE POLGA, 
OLIKA, 
OLIVEdesOLIVE, 
OLIVER PEOPLES,SASAGE
OLIVIA HARRIS, 
Olivia Morris, 
OLTA DESIGN GARMENTS, 
OMNIGOD, 
OmniPeace, 
OMSK, 
ON THE BOARD, 
ONE, 
one after another NICE CLAUP, 
ONE CALIFORNIA DAY, 
One deux boo, 
ONE GRAVITY, 
one spo, 
One Tea spoon, 
ONE True Saxon, 
ONE・T・SHIRT., 
ONEHUNDRED ATHLETIC, 
oneil, 
ONES STROKE, 
ONITSUKA TIGER,SASAGE
Only Hearts, 
ONLY NY, 
ONSPOTZ, 
ONTOUR, 
OPAQUE, 
OPAQUE.CLIP, 
opelka, 
OPENING CEREMONY, SASAGE
operation, 
OPPURE, 
Optitude, 
or Glory, 
ORAQLE, 
ORCHID, 
ORCIANI,SASAGE
ORCIVAL,SASAGE
Ordinary fits, 
organic by john patrick, 
organic mind, 
ORIAN, 
ORIENT, 
ORiental TRaffic, 
Original., 
OriginalFake, SASAGE
ORION LONDON, 
ORNER, 
Orobianco,SASAGE※フェイク注意 
Orobianco baby,SASAGE
ORONERO, 
ORPHIC,SASAGE
orSlow,SASAGE
Oscar de la Renta,SASAGE
OSHIMA REI,SASAGE
OSKLEN,SASAGE
OSMOSIS, 
OSSA MONDO, 
other., 
Others., 
Otias, 
OTIS＆MACLAIN, 
otoaa, 
oui，Ayano Ruban, 
Our Legacy, SASAGE
OURET,SASAGE
OUT of ACTION,SASAGE
OUTDOOR PRODUCTS,サガール
OUTDOOR RESEARCH,サガール
OVER THE STRIPES, 
OVER THE TWELVE, 
OVERDESIGN,SASAGE
override, 
OWEN BARRY,SASAGE
OWL, 
OZOC, 
P.A.R.O.S.H,SASAGE
P.Cornillon, 
P.G.FLORENCE, 
P01, 
PACO GIL,SASAGE
PACT, 
Padmore＆Barnes,SASAGE
PADRONE,SASAGE
PADRONE MUSEUM, 
PAGEBOY, 
PAIGE Denim,SASAGE
PAINKILLER, 
ＰＡＬＡＣＥ, 
PALADIN, 
PalinkA, 
PALLADIUM,SASAGE
Pal'las Palace, 
Palma, 
Palme d'Or, 
PALMSTROKE, 
Paloma Barcelo,SASAGE
PAM,SASAGE
PAM＆GELA, 
Pamela Love,SASAGE
PAMEO POSE, 
panaji, 
PANDORA,SASAGE
PANTANETTI, 
PANTOFOLA DORO,SASAGE
Pao.de.lo, 
PAOLA FERRI, 
PAOLA FRANI,SASAGE
PAOLO BIONDINI, 
PAOLO MASI, 
PAOLO PECORA MILANO,SASAGE
PAPARAZZI, 
Papaya, 
PAPER CHEST, 
Paper Denim ＆ Croth, 
PAPER STORAGE COMPANY, 
Paperwallet, 
PAPIER TIGRE, 
Papillio, 
PAPILLONNER, 
PAPRIKA, 
paquet, 
PAR ICI,SASAGE
Paraboot,SASAGE
PARADIS, 
PARADIS COULEUR, 
PARADIS TERRE, 
Paradise Picnic, 
PARADOX, 
PARANOID, 
PARASUCO,SASAGE
Paratiisi, 
ParAvion, 
Park Lane, 
PARROTT CANVAS,SASAGE
PARTY PARTY, 
Party People, 
pas de calais,SASAGE
PASCAL MILLET, 
PASHMA, 
Pashmina, 
passage mignon/flaneur, 
Pastel Maam, 
PATACHOU, 
patagonia,SASAGE
Patchy Cake Eater, 
PATRICK,SASAGE
PATRICK COX,SASAGE
PATRICK STEPHAN,SASAGE
PATRIK ERVELL, 
PATRIZIA-PEPE,SASAGE
Patta, 
Patti, 
Patti Cloth, 
Paul Frank,SASAGE
Paul Smith, SASAGE
PAUL SMITH COLLECTION, SASAGE
Paul Smith JEANS, SASAGE
PAUL STUART, 
PAUL＆JOE, 
PAUL＆JOE SISTER, 
PAULE KA,SASAGE
PAURIC SWEENEY, 
PAUW, 
PEACE PROJECT, 
Peachoo+Krejberg, 
PEAK＆PINE, 
PeakPerformance,SASAGE
PEAKS, 
PEAKS PEAK, 
PEANUTS, 
PEANUTS BANANA, 
pedro garcia, 
PEEP, 
pelican avenue, 
pelleterno,SASAGE
PELLETTERIA VENETA, 
PELLICO,SASAGE
PEN FIELD,サガール
Pen＆Hand, 
Pencey, 
PENDLETON,SASAGE
Penguin, 
PENSEE,SASAGE
pense'e, 
People Tree,SASAGE
PEPITA D'ORO,SASAGE
PERFUME BY COOLA, 
PEROFIL, 
persil, 
persol, 
Pertini, 
PESERICO, 
Peter Jensen,SASAGE
Peter Som,SASAGE
PETER＆co., 
PETERS MOUNTAIN WORKS, 
Petirobe, 
PETIT BATEAU,SASAGE
Petit Costume, 
Petit jam, 
petit main, 
petite mendigote,SASAGE
petite robe noire, 
Petro Zillia, 
peu pres, 
Peuterey, 
PF-FLYERS,SASAGE
PHATEE, 
Phebely, 
PHEENY,SASAGE
PHENOMENON, SASAGE
Pherrow's,SASAGE
PHIGVEL, 
PHILIPP PLEIN, 
PHILIPPE AUDIBERT,SASAGE
Philippe FERRANDIS, 
PHILIPPE MODEL,SASAGE
philo, 
PHILOSOPHY,SASAGE
PHILOSOPHY DI ALBERTA FERRETTI,SASAGE
PHINGERIN, 
phoebe, 
PHONO, 
piau piau, 
PICCADILLY, 
Piche abahouse,SASAGE
PIECE OF CHORD, 
Pier Antonio gaspari, 
PIERRE BALMAIN,SASAGE
pierre cardin,SASAGE
PIERRE HARDY,SASAGE
Pierre.Louis Mascia,SASAGE
Pietro Alessandro, 
PIG＆ROOSTER, 
PIGRA, 
Pilgrim Surf Supply, SASAGE
Pimientos, 
PINCEAU, 
Pincponc, 
PINEAPPLE JUICE, 
PINEAPPLECOUNTRY, 
pink poodle, 
PINKO,SASAGE
PINKY＆DIANNE,SASAGE
Pinza, 
Pippichic, 
PISTORELO, 
Pitti, 
pj*s, 
plage, 
PLAIN CLOTHING, 
PLAIN PEOPLE,SASAGE
Planet blue world, 
Plantation,SASAGE
plantica, 
PLASTIC ISLAND, 
Platinum moussy, 
PLAY by c.ronson, 
PLAY COMME des GARCONS,SASAGE※商社必須 ※フェイク注意
PLAYBOY, 
PLEASE, 
PLEASURE DOING BUSINESS, 
PLEATS PLEASE, SASAGE
Pledge, 
PLEIN, 
PLEIN SUD, 
Plein Sud Jeans, 
PLENTY,SASAGE
PLST, 
PLUIE, 
plumpynuts,SASAGE
Plus Vendome, 
Pobra, 
Poetry of sex, 
POINTER,SASAGE
pokit,SASAGE
polcadot, 
Poleci, 
POLeR,SASAGE
POLeR OUTDOOR STUFF,SASAGE
POLICE, SASAGE
Pollin, 
POLLINI,SASAGE
POLO RALPH LAUREN, SASAGE
POMTATA,SASAGE
PONTE VECCHIO, 
PONTI, 
PONY,SASAGE
POOL SIDE, 
POPCORN, 
poral., 
PORT CANVAS, 
PORTER,SASAGE
Porter Classic, SASAGE
Porter des boutons,SASAGE
post amenities, 
POST OVERALLS,SASAGE
PotioR,SASAGE
POU DOU DOU, 
pour deux, 
POUR LA VICTOIRE,SASAGE
PPQ, 
PR01., 
PRADA,SASAGE
PRADA SPORT,SASAGE
PRAHA, 
Pray Hotel, 
PRD, 
PREEN,SASAGE
PREMIATA,SASAGE
PREMIUM, 
Pretty Ballerinas,SASAGE
Pretty Green, 
Preview, 
prideglide, 
PRIMA ATTRICHE, 
PRIMA CLASSE,SASAGE
PRIMAL ENGINE, 
PRINCE PETER, 
Pringle,SASAGE
PRINGLE 1815,SASAGE
Printstar, 
prix de fleur, 
PRODISM, 
PRODUCT, 
PRODUCT CLASSICS, 
PROENZA SCHOULER,SASAGE
PROGRAM, 
Project e, 
PROJECT SR'ES, 
PRO-Keds,SASAGE
PROPAGANDA, 
PROPORTION BODY DRESSING, 
PROSPECTIVE FLOW, 
PROVENSEN, 
PRPS,SASAGE
Psycho Bunny,SASAGE
PT01, SASAGE
PT05, SASAGE
pual ce cin, 
pualani, 
PUBLIC EYES, 
PUBLIC IMAGE, 
Public Library, 
puch, 
PUEBCO, 
PUERTA DEL SOL,SASAGE
PUMA,SASAGE
PUMA by MIHARA YASUHIRO,SASAGE
PUMA urban mobility by hussein chalayan, 
punto pigro, 
PURA LOPEZ, 
Pure Soeur, 
Purified, 
PURPLE END, 
PUSH CONNECTION, 
pyjama clothing, 
Q, 
Q TO P, 
QL MansionMaker, 
Qnine（9）, 
Qojelly, 
Q-pot.,SASAGE
quadro, 
qualite,SASAGE
qualite scape, 
Quality Peoples,SASAGE
Quarter Gemini, 
quartierglam, 
QUEENE AND BELLE,SASAGE
QUEENS COURT,SASAGE
QUENCH, 
QUENCHLOUD, 
Quesorvel, 
Quiksilver, 
Quote, 
quotie use fith, 
Qussio, 
R＆E, 
R＆E rosessence, 
R＆Y AUGOUSTI, 
R.H. Vintage,SASAGE※商社必須 ※フェイク注意
R.NEWBOLD, 
R.V.W, 
R13,SASAGE
Ra Dieux Dieuse, 
Rab,SASAGE
RABEANCO,SASAGE
Rabens Saloner,SASAGE
RACAL,SASAGE
RACHEL ANTONOFF,SASAGE
Rachel Comey,SASAGE
Rachel pally,SASAGE
RACY RADIANT, 
rada,SASAGE
RADIALL, SASAGE
radiance de SYHSE, 
RADICAL 50/50byMAGIC NUMBER, 
RADIO EVA, 
Rady,SASAGE
RAEN,SASAGE
RAF BY RAF SIMONS, SASAGE
RAF SIMONS,SASAGE※商社必須 ※フェイク注意
rafe NEW YORK,SASAGE
RAFF＆FREE, 
RAFFAELE CARUSO,SASAGE
rag ＆ bone, SASAGE
RAGDOLL ＆ ROCKETS, 
rage, 
RAGEBLUE, 
Rags McGREGOR, 
Rags Unite due Narcissus, 
RAIF ADELBERG, 
Rails,SASAGE
rain cheetah, 
RAINBOW, 
RAINBOW SANDALS,SASAGE
Rainc＆reetah, 
RAINMAN, 
Rametto Belly, 
RANCOURT,SASAGE
RANDA,SASAGE
RANDOM, 
Raparo, 
rapiecage, 
RA-RE, 
ras,SASAGE
RATS, SASAGE
RATTLE TRAP, 
RAUDI, 
RAVEL, 
Ravijour,SASAGE
RAW FUDGE, 
RAW POWER, 
Rawtus,SASAGE
Ray BEAMS, 
Ray Cassin, 
Ray-Ban,SASAGE
RBS, 
RBT, 
RCWB, 
re construct, 
RE ENVY, 
RE.ACT, 
Re.Verofonna, 
REAC, 
Ready for the Weekend, 
REAL McCOY’S,SASAGE
REALIZE, 
realmad HECTIC, 
REATS TAILOR ZAZOUS, 
Rebecca, 
REBECCA TAYLOR,SASAGE
REBECCAMINKOFF,SASAGE
RebeL, 
Rebel Yell, 
Rebirth, 
Rebuild by Needles,SASAGE
Rechercher, 
Recreational Vehicle, 
recs, 
RECYCLAGE, 
RED CARD,SASAGE
Red Carpet, 
RED CLOVER, 
RED COVER, 
RED EAR,※フェイク注意 
RED KAP, 
Red Monkey, 
RED PEPPER,SASAGE※商社必須 
RED Profile, 
RED SEAM, 
RED VALENTINO,SASAGE※商社必須 ※フェイク注意
RED WING,SASAGE※フェイク注意 
REDDY APPLESEED, 
REDMOON, 
Reebok,SASAGE
REEF, 
Reefur, 
Reene, 
Reflect, 
REGAL,SASAGE
REGALO, 
Regina Regis Rain, 
rehacer,SASAGE
RehersalL,SASAGE
Reign, 
REIGNING CHAMP, SASAGE
Reir, 
REISS,SASAGE
REKISAMI,SASAGE
relacher, 
Relate, 
RELIGION,SASAGE
Relwen,SASAGE
REMI RELIEF, SASAGE
remi＆reid, 
remilla, 
REN, 
RＥNA LANGE, 
Rene,SASAGE
RENE CAOVILLA, 
repetto,SASAGE
REPLAY,SASAGE※商社必須 
repos, 
RES DENIM,SASAGE
RESERVED NOTE, 
Resexxy, 
RESISTANCE, 
RESONATE GOODENOUGH, 
RESTERODS, 
RESTIR,SASAGE
Rettle Black, 
REVE D'UN JOUR, 
Revelations/, 
revionnet, 
REVISITATION, 
REVOLVER, 
REVROSSA CLARITY, 
Rew de Rew, 
REZOY, 
RHIE, 
RHRB, 
rhythm, 
RHYTHM FOOTWEAR, 
Rhythm of Life, 
Ribbon hakka kid's, 
Riberce, 
Riccimie NEW YORK, 
RICEND, 
rich, 
RICHMOND,※商社必須 
Rick ＆ Roy, 
Rick Owens,SASAGE※商社必須 ※フェイク注意
Rickowens lilies, 
RICO, 
RICO GOLD, 
RIDING HIGH, 
Rie miller,SASAGE
RIELABO, 
rienda,SASAGE
Rijoui, 
Rika,SASAGE
rikolekt, 
ril:commune, 
rim, 
rimsing, 
Rinajour, 
RiNc, 
RINEN, 
RING JACKET, 
RING MILANO, 
Ringhio, 
RIOBERA, 
ripvanwinkle, SASAGE
Rirandture, 
Risa Magli, 
RISING SUN ＆Co.,SASAGE
RISTO BIMBILOSKI, 
RITA JEANS TOKYO,SASAGE
RIVE DROITE, 
RIVER ISLAND,SASAGE
Rivet＆Blue, 
Rivieras, 
Riz raffinee, 
RLIGHTs, 
RNA, 
roar, SASAGE
robbem, 
robe de chambre COMME des GARCONS, SASAGE
ROBERT CARY-WILLIAMS, 
Robert Clergerie, 
ROBERT GELLER, 
robert rodriguez, 
ROBERTA DI CAMERINO,SASAGE
ROBERTA GANDOLFI,SASAGE
ROBERTA SETTELS,SASAGE
roberto cavalli,SASAGE
ROBERTO COLLINA, 
Roberto del Carlo, 
ROBERTO MASSINI, 
Roberto Musso, 
ROBERTO RINALDI, 
ROBES＆CONFECTIONS, 
ROBIN'S JEAN,※商社必須 
robita, 
ROC STAR, 
ROCHEL, 
Rock ＆ Republic,SASAGE
Rock Steady, 
ROCKMOUNT, 
ROCKPORT,SASAGE
Rockstars ＆ ANGELS, 
Rocky Mountain FeatherBed,SASAGE
RODA,SASAGE
RODE SKO,SASAGE
RODEN, 
Rodeo Crowns, 
RODO, 
RODOLPHE MENUDIER,SASAGE
ROEN, 
Roen Produced by HIROMUTAKAHARA,SASAGE
ROGAN,SASAGE
Rohw master product, 
roial, 
ROJAS,SASAGE
ROJITA, 
ROKX,サガール
ROLA, 
ROLLAND BERRY,SASAGE
romar quee, 
ROMEO ＆ JULIET COUTURE,SASAGE
ROMEO GIGLI,SASAGE
Ron Herman,SASAGE※商社必須 
Roomys, 
ROPE',SASAGE
ROPE' mademoiselle,SASAGE
ROPE' PICNIC, 
rosa mosa, 
Rosarymoon, 
ROSE BUD,SASAGE
ROSE DE MARRAKECH, 
ROSE FAN FAN, 
rose＆rose, 
ROSEanna, 
rosebullet, 
Rosemont, 
ROSIER, 
ROSSINI,SASAGE
ROSSO, 
ROSTER SOX,SASAGE
rosy monster, 
ROTAR, 
ROTTWEILER, SASAGE
Rouge Fonce, 
Rouge vif, 
Rouge vif la cle, 
rougeloup, 
ROUGH and RUGGED, 
Rough Roses, 
ROUND HOUSE, 
ROUNDEL by London Underground, 
rous, 
ROXY,SASAGE
ROYAL ELASTICS, 
ROYAL FLASH, 
ROYAL ORDER,※ギャラ必須 
ROYAL PARTY, 
Royal Pussy, 
RPKO, 
Rubb, 
RUBBER DUCK, 
RUBBER KILLER, 
rubecksen yamanaka, 
Rubyrivet, 
Ruchecuff, 
RUCO LINE, 
RUDE GALLERY, SASAGE
RUDIES, 
Rue de B, 
RUE DELA POMPE, 
Rue du Mail, 
RueBelle designs, 
RUEHL No.925, 
RUGGED FACTORY, 
RUGIADA, 
rukkilill, 
RUMBLE RED, 
rupert, 
RUPERT SANDERSON,SASAGE
RUSSELL MOCCASIN, 
russet, 
RUTZOU, 
RVCA, 
rxmance, 
RYKIEL WOMAN, 
RYUICHIRO SHIMAZAKI homme, 
RYUZO NAKATA, 
RYZA, 
S.N.S. HERNING, 
S/DOUBLE, 
S’exprimer, 
sabena, 
SABLE CLUTCH, 
SABOTAGE, 
SABRE, 
Sabrina Martone, 
Sacai, SASAGE
sacai luck, SASAGE
SACCO Balletti, 
SACHIO KAWASAKI, 
SACRA, 
SADDLELITES, 
sage de cret, 
SAGLiFE, 
SAIL RACING, 
SAILOR'S, 
SAINT JAMES, SASAGE
SAINT LAURENT PARIS,※ブランド 
SAINT MARTIQUE, 
SAKAGUCHI･KOSHI･FOR･BLAZE, 
SAKASA, 
sakayori, 
Sally Scott, 
SALON, 
SALON D’PAULA, 
Salon de Balcony, 
Salon de la Trinite'/D'issy, 
SALOTTO, 
SALTWATER COWBOY, 
SALVAGE, 
Salvatore Ferragamo,※ブランド 
Salvatore Piccolo, 
Sam Edelman, 
Samansa Mos2, 
SAMANTHA KINGZ, 
SAMANTHA SILVA, 
Samantha Thavasa, 
Samantha Tiara, 
Samantha Vega, 
samantha wills, 
Samsonite, 
Samudra, 
SAMURAI JEANS,SASAGE
San Andres, 
San Diego Hat, 
SAN FRANCISCO, 
SAN HIDEAKI MIHARA, 
Sanca, 
SandBlaster by attack the mind 7, 
sandia, 
Sandie anap, 
Sandinista, 
Sandra Silveira, 
sandro, 
sands cigar beetle, 
Sandy Clause, 
Sanita, 
Sans Arcidet, 
SANSOVINO 6, 
SANTACROCE, 
SANTASTIC!, 
SANTI, 
SANTONI, 
Sara Jones, 
Sara Jones London, 
SARABANDE, 
Sarah Pinkman, 
SARAH＆BRED, 
Sarah's Bag, 
saranam, 
SARCASTIC, 
SARTORE, 
SASIBI, 
SASQUATCHfabrix., SASAGE
sass＆bide, 
SASSAFRAS,SASAGE
SASSON, 
satisfaction guaranteed, 
Satoh Mitsuo, 
satta, 
SATURDAYS SURF NYC, SASAGE
Saucony, 
SAVE, 
SAVE Khaki, 
SAVE KHAKI UNITED, 
SAYA, 
SAYHELLO, 
SAZABY, 
SBCY Sport, 
SCALPERS, 
SCANNER, 
SCAPA, 
scartissue, 
scene4 1/2, 
Scervino Street, 
SCHLUSSEL, 
schott,SASAGE
SCOTCH GRAIN, 
SCREEN STARS, 
Scye,SASAGE
SCYE BASICS,SASAGE
SEA, 
sea new york, 
Seagreen, 
seaside freeride, 
SEBAGO, 
sec, 
SECOND LAB., 
SEE BY CHLOE,※ブランド 
seedoek, 
SEEKER, 
seesaw, 
seesway satiate, 
SEEth, 
SEIKO, 
SELETTI, 
self-portrait, 
Selframe, 
selvedge, 
SEMI COUTURE, 
seminead, 
SENCE OF PLACE, 
SENDRA, 
SENSE OF PLACE by URBAN RESEARCH, 
sense of wonder, 
SENSI STUDIO, 
SENSO Diffusion, 
Sentore Amaranto, 
SENZ Umbrellas, 
SEQUOIA, 
Seraph, 
Serendipity, 
SERENE Dept., 
SERENITY.STILLMOMENT, 
SERGE THORAVAL, 
SERGEANT SALUTE, 
Sergio rossi, 
SERO, 
Serpui Marie, 
Sessun, 
SETAICHIRO, 
sete di Jaipur, 
SETT, 
Settimissimo, 
SETTING CRACKS, 
Seven for all mankind, 
SEVENTY FOUR, 
SEVESKIG,SASAGE
SEXY DYNAMITE LONDON, 
SFIDA, 
shabon super hakka, 
SHADE by SHELLAC, 
SHADES OF GREIGE, 
SHAKA,サガール
SHAKE SHAKE, 
shama, 
SHANANA MIL, 
SHANTii, 
ShapeL, 
SHARE PARK, 
SHARE SPIRIT, 
SHAREEF, 
sharon wauchob, 
SHASHI, 
SHAUN SAMSON, 
She for me?, 
She just loves it, 
SHEINAR, 
Shelby, 
SHELLAC, 
SHIFFON, 
Shikica Tokyo, 
Shine, 
SHINE BE MODEL, 
SHINICHIRO ARAKAWA, 
Shinzone, 
SHIPLEY＆HALMOS, 
SHIPS, 
SHIPS GENERAL SUPPLY, 
SHIPS JET BLUE, 
ships little black, 
Shirley Bredal, 
Shirley Temple, 
shirts．, 
Shoe BAR, 
SHOE BAR Deesse, 
shoes like pottery, 
Shoes of Prey, 
SHOO・LA・RUE, 
SHURON, 
SHUSHU, 
shuttle notes, 
Shwood, 
SIBLING, 
"Sidian,Ersatz ＆ Vanes", 
SIERA LEONE, 
SIERRA DESIGNS,サガール
Sieste Peau, 
SiFURY, 
SIGERSON MORRISON, 
Sign, 
SI-HIRAI, 
SI-HO SUP, 
Siia, 
SILAS, 
SILAS Grey, 
Silent by Damir Doma, 
Silent Sabbath, 
silvain sylvian, 
SILVANO MAZZA, 
Silver Spoon, 
Silverlight, 
SILVIAN HEACH, 
SIMEON FARRAR, 
Simon Miller, 
SIMONE LIST, 
Simone Rocha, 
simonetta, 
Simplicite, 
SINDEE, 
sinela, 
Sinequanone, 
SIRO, 
SISE, 
sisii, 
Si-Si-Si, 
SISLEY, 
Sissi Rossi, 
SISTERE, 
sita parantica, 
SIVIGLIA, 
Siwy, 
SIXPACK FRANCE, 
SKULL WORKS, 
SKY, 
SLADKY, 
SLANT WISE, 
SLAP SHOT, 
Sleek, 
Sleep, 
SLIDER, 
SLOW, 
SLOW WEAR,SASAGE
slowgun, 
SLY, 
SmackyGlam, 
SMADDY, 
smart pink, 
SMASH, 
SMELLY, 
SMIRNASLI, 
"SMIRNASLI GEM,", 
SMOKE＆COMPANY, 
Smokeout, 
Smoothy, 
smork, 
snarl extra, 
sneeuw, 
snidel,※商社必須 
snidel girl, 
Snow Peak,SASAGE
So 1:1, 
SO BY ALEXANDER VAN SLOBBE, 
soak, 
Soareak, 
SoccerJunky, 
SODASAN, 
soe, 
soe shirts, 
soffitto, 
SOFIE D'HOORE, 
SOGOLI, 
soil, 
SOL ANGELS, 
SOLATINA, 
SOLCA, 
soleil, 
SOLIDO, 
SOLO PLUS, 
SOLO＆DOUBLE, 
SOLPRESA, 
SOMARTA, 
Somedays lovin, 
SOMETHING ELSE, 
SON OF THE CHEESE, SASAGE
SONIA RYKIEL, 
SONIC LAB, 
Sono, 
SONTAKU, 
Sophia Chang for PUMA, 
Sophia Webster, 
Sophie Hulme, 
SOPHNET., SASAGE
SOPHYA, 
SOREL, 
SOU･SOU, 
SOULEIADO, 
Soulsmania Kids, 
SOUND◆MAN, 
SOUP, 
Sous Pied, 
SOUTH to SOUTH, 
South2 West8,SASAGE
SOUTIENCOL, 
Sov.(DOUBLE  STANDARD  CLOTHING), 
SOVEREIGN, 
SOWA, 
SP, 
SPACE, 
SPACE CRAFT, 
Spanish Harlem, 
SPAZIO ZERO, 
SPECIAL GOODS, 
SPELL BOUND, 
Sperry Top-Sider, 
Spick＆Span Noble, 
SPIGA, 
SPINGLE MOVE, 
Spiral Tempt, 
SPIRALGIRL, 
splendid, 
SPLOOSH., 
Sport Performance, 
SPORTMAX, 
Sports Lab by atmos, 
Spring Court, 
SPUR, 
SPX, 
SPY, 
SQUOVAL, 
SR'ES Rainbow, 
SR'ES RAINBOW STANDARD, 
Sretsis, 
SRIC, 
SSUR, 
STABILIZER, 
STACCATO, 
Staircase, 
STALL, 
STAMMBAUM, 
STAMPD',※遠隔査定必須B 
Stampd' LA,※遠隔査定必須B 
STANCE, 
STANDARD CALIFORNIA, SASAGE
STANDARD SUPPLY, 
StandardWear, 
STAR JEWELRY, 
STAR MELA, 
STARTER, SASAGE
STARTER BLACK LABEL, 
state of georgia, 
Steam and Thread, 
STEFANO GAMBA, 
STEFANO MANO, 
stefis, 
STELLA CIFFON, 
STELLA McCARTNEY,SASAGE※フェイク注意 
STELLA RITTWAGEN, 
STEPHAN SCHNEIDER, 
STEPHEN, 
STEVE MADDEN, 
STEVE MONO, 
Steven Alan,SASAGE
STEVENSON OVERALL CO., 
STIFF, 
STILL BY HAND, SASAGE
STILL GOOD, 
STILMODA, 
STITCH, 
STOF, 
STOKTON, 
STONE ISLAND,SASAGE※フェイク注意 
STOOGe, 
STORAMA, 
STORMSEAL, 
story., 
STRADA EST, 
stradivarius, 
STRAS BURGO, 
STRAW BALE DESIGN, 
STRAWBERRY-FIELDS, 
STREAM TRAIL, 
STUART WEITZMAN, 
studio CLIP, 
STUDIO D’ARTISAN,SASAGE
STUDIO ORIBE, 
STUDIOUS, 
STUDIOUS:Lab, 
STUDY, 
STUNNING LURE, 
STUSSY,SASAGE※フェイク注意 
STUSSY LIVIN',※フェイク注意 
Stussy Women,※フェイク注意 
STYLE CRAFT, 
STYLESTALKER, 
Sua, 
Suave, 
SUB-AGE, 
Subciety, SASAGE
SueUNDERCOVER, SASAGE
SUEWONG, 
SUGAR CANE,SASAGE
SUGAR ROSE, 
Sugarhill Boutique, 
Suger Freak Footwear, 
Sugri, 
suicoke, 
SULTAN, 
SUN SURF,SASAGE
SUN/kakke, 
sunaokuwahara, 
Sunauna, 
SUNDAY WORKS, 
SUNDAY21, 
SUNDEK, 
Sundries by GOOD OL’, 
SunKu, 
sunner, 
SUNNY  SPORTS,SASAGE
Sunny C Sider, 
Sunny Landscape, 
Suno, 
SUNSEA, SASAGE
SUNSET CANDLE WORKS, 
SUNSHINE+CLOUD, 
SUORPUSS CLOTHING, 
SUPER, 
SUPER FINE, 
SUPER HAKKA, 
SUPERB, 
SUPERGA, 
SUPERTHANKS, 
SUPP. no one else, 
support surface, 
SUPRA, 
Supreme,SASAGE※フェイク注意 
Supreme.La.La,※フェイク注意 
SURREAL, 
surt, 
Susan Daniels, 
SUSANA MONACO, 
suzuki takayuki, 
SWAGGER, SASAGE
SWANLAKE, 
Swanzy, 
SWAROVSKI, 
Swatch, 
SWATi, 
Sweep!! Los Angels, 
Sweet and Vicious, 
SWEET HEART, 
SWEET PEA, 
Sweetees, 
SWILDENS, 
SWIMS, 
Sword Fish, 
Sybilla, 
Sympathy of Soul, 
Sync., 
synchro crossings, 
synchronicity, 
SZEN, 
T BY ALEXANDER WANG, SASAGE
T.K GARMENT SUPPLY, 
T.U.K, 
t.yamai paris, 
TABITA, 
Tabitha Simmons, 
tabloid news, 
TACHIKARA, 
Tadashi Shoji, 
taG., 
Tahti, 
TAI, 
TAISHI NOBUKUNI, 
Taka Nakayama, 
TAKA WEAR, 
TAKAHIRO MIYASHITA The SoloIst., SASAGE
TAKEO KIKUCHI, 
takeshi ienaga, 
TALKING ABOUT THE ABSTRACTION, 
TALSA, 
tamao, 
TAMBU, 
TANG!, 
TAO COMME des GARCONS, 
Tara Jarmon, 
TARO HORIUCHI, 
TASAKI, 
TASS STANDARD, 
TATABABY, 
TATAMI, 
TATEOSSIAN, 
TATOOSH, 
TATRAS, SASAGE
TAVERNITI SO JEANS, 
t-bags, 
TCSS, 
Te chichi, 
TEATORA, SASAGE
Teca/Helo Rocha, 
TED BAKER, 
Ted Rossi, 
Tee Dee, 
TELA, 
TELLASON, 
Tendence, 
TENDERLOIN,SASAGE※商社必須 ※フェイク注意
TEN-EIGHT, 
TERI JON, 
Terracuore, 
Terrem, 
TESSITURA MONTI, 
TETE HOMME, 
tetei, 
TETSU s.p.a, 
Teva, 
THAKOON, 
The Ampal Creative, 
The BeauSnob, 
The Changeling, 
the Closet, 
THE DAY, 
THE DAY ON THE BEACH, 
The Dayz tokyo, 
the dilettante, 
THE DIRTY YOUTH, 
The Dress＆Co. HIDEAKI SAKAGUCHI, 
The DUFFER of ST.GEORGE, 
THE EDITOR, 
THE EMPORIUM, 
The Endless Summer, 
THE FABRIC, 
THE GINZA, 
The Hill-Side, 
THE HINOKI, 
The Hundreds, 
THE IMAGINARY FOUNDATION, 
the Jacksons, 
The Juliette show, 
THE LAST CONSPIRACY, 
THE LAUNDRESS NEW YORK, 
The Leather Satchel, 
THE NORTH FACE,SASAGE※商社必須 ※フェイク注意
THE NORTH FACE PURPLE LABEL,SASAGE※商社必須 ※フェイク注意
The PARLOR, 
THE PEOPLE VS., 
The Ports of Call, 
THE RAGGED PRIEST, 
THE RERACS, SASAGE
The River, 
THE ROW, SASAGE
THE SCOTCH HOUSE, 
The SECRETCLOSET, 
THE SHARPER IMAGE, 
THE SHINZONE, 
THE SHOP TK, 
The Simpsons, 
THE SOVEREIGN HOUSE, 
THE SUPERIOR LABOR, 
THE TEST, 
THE TWELVE, 
The Virgnia, 
The Viridi-anne, SASAGE
THEATER8, 
THEATRE PRODUCTS, 
TheDress＆Co., 
Thee Hysteric XXX, SASAGE
THEE OLD CIRCUS, 
theory,SASAGE
theory luxe, 
There's no place like home, 
Therese  Rawsthorne, 
THERMADRY, 
theSakaki,SASAGE
THEYSKENS THEORY, 
THIBAULT VAN DER STRAETE, 
Thierry Colson, 
THOM BROWNE, SASAGE
THOMAS SIRES, 
THOMAS WYLDE, 
THOMSEN, 
thpry＋color, 
THRASHER, 
THREE BLIND MICE, 
three dots, 
Three floor, 
three unicorns, 
ThreeFourTime, 
thvm, 
Tialeeray, 
Tiara, 
tibi, 
TIDEWAY, 
Tiein, 
TIENS ecoute, 
TIFFANY＆Co.,※ブランド 
TIGRE BROCANTE, 
TILA MARCH, 
Tilak,SASAGE
TIM HAMILTON, 
TIMADAM, 
TIMAI, 
Timberland,SASAGE
TIMBUK2, 
TIMEX, 
tinkpink, 
tinkpurple, 
TINTIN, 
TITE IN THE STORE, 
Titilate Valet, 
titty＆Co., 
TK, 
TMT, 
TMT Classic, 
To b. by agnes b., 
TO BE CHIC, 
TO＆CO., 
tobiuo, 
TOCCA, 
TOD’S, 
TODAYFUL, 
TODD SNYDER, 
TOE CUTTER, 
TOFF ＆ LOADSTONE, 
TOGA, SASAGE
TOGA PULLA, SASAGE
TOGA(VIRILIS）, SASAGE
toki doki, 
TOKUKO 1er VOL, 
TOKYO DRESS, 
Tolani, 
TOLLFREE, 
TOM FORD, SASAGE
TOM REBL, 
tom＆hawk, 
TOMMY, SASAGE
Tommy Bahama, 
tommy girl, 
TOMMY HILFIGER, SASAGE
tomoki yurita, 
TOMORROWLAND, 
TOMS, 
TONELLO, 
Toni Pons, 
TOO LATE, 
TOOL faith, 
TOOLs, 
TOPIO, 
TOPMAN, 
TOPSHOP, 
tordi, 
TORNADO MART, 
TORQUATA, 
Torrazzo Donna, 
TORY BURCH,※ブランド 
TOUGH, 
TOUJOURS, 
TOUS, 
tous les deux ensemble, 
Tous Les Jours, 
TOVA, 
TOWNCRAFT,SASAGE
TOY PLANE, 
toy's box  by smaddy, 
Tracy Reese, 
tracywatts, 
Trading Post, 
Traditional Weatherwear,SASAGE
Tramando, 
TRANS CONTINENTS, 
TRANSIT, 
Transvestite, 
TRAPPER, 
traumerei, 
TRAVAIL MANUEL, 
Travis Walker,※ギャラ必須 
TREASURE TOPKAPI, 
treesje, 
TRES, 
TRES chouette, 
triaa, 
Trianglesquare, 
Tricker's, 
TRICKorTREAT, 
TRICOT ALEXANDER WANG, 
tricot COMME des GARCONS, SASAGE
Tricote, 
Trilogy, 
TRIOP, 
triple A, 
TRIPP nyc, 
trippen, 
TRIPS, 
TRIPTYCH, 
TroisO, 
TROPOPAUSE, 
trosman, 
TROVATA, 
TROVE, 
TRUC, 
TRUE nyc, 
TRUE RELIGION,SASAGE※商社必須 ※フェイク注意
TRUNKSHOW, 
TRUSSARDI, 
ts(s), 
TSUBI, 
TSUMORI CHISATO, 
tsumori chisato CARRY, 
TSUMORI CHISATO DRESS, 
tsumori chisato JEWELRY, 
tsumori chisato Room, 
tsumori chisato SLEEP, 
tsumori chisato TRAVEL, 
tsumori chisato WALK, 
tsumu, 
TSURU, 
TSURU by ALESSANDRA STELLA, 
Tucker, 
TUESDAY NIGHT BAND PRACTICE, 
TUKI, 
TUMI, 
tumugu, 
turno jeana, 
Turtoise, 
TWEED MILL, 
TWELFTH STREET BY CYNTHIA VINCENT, 
twelve by twelve, 
TWENTY8TWELVE, 
twiggy, 
TWINKLE BY WENLAN, 
twinktwink, 
twisted heart, 
TWNROOM, 
Twokeys, 
twopeace, 
TYPE BLUE, 
tyuna physis, 
U CLOTHING, 
U STARS CLUB, 
UBIQ, 
UCLA, 
UCS, 
UEG, 
UGG, SASAGE
uka, 
uke, 
ULI SCHNEIDER, 
ULKA AODRESS, 
Umbra, 
umii908（45R）, 
umit benan, 
UMPIRE, 
un dix cors, 
Unaca, 
UNBILICAL, 
UNCONDITIONAL, 
UNDAKOVRIT, 
undecorated MAN, 
UNDEFEATED, SASAGE
Un-Demi, 
UNDER BAR RAW．, 
Under The Table, 
UNDERCOVER, SASAGE
UNDERCOVER KIDS, SASAGE
UNDERCOVERISM, SASAGE
UNDERGROUND, 
une autre, 
UNFINISH, 
ungaro fever, 
Ungrid, 
UNICOM, 
UNIF, 
uniform experiment, SASAGE
UNION STATION, 
UNIQLO, 
UNIQUE, 
UNITED ARROWS,SASAGE
UNITED ARROWS ＆ SONS,SASAGE
united bamboo, 
UNITED NUDE, 
UNITED TOKYO,SASAGE
UNIVERSAL PRODUCTS,SASAGE
UNIVERVAL MUSE, 
Unknown, 
unobilie, 
unrelaxing, 
UNRIVALED, 
unruly, 
UNSQUEAKY, 
UNTITLED, 
UNTOLD, 
UNUSED, SASAGE
UP SMILE, 
UPSTART, 
UPTIGHT, 
Urban NOW, 
URBAN RESEARCH,SASAGE
URBAN RESEARCH DOORS,SASAGE
URBAN RESEARCH ID, 
URBAN RESEARCH Sonny Label, 
URSUS BAPE, 
URU, SASAGE
Us Versus Them, 
USEDo, 
Useless(wjk), 
UTAKI, 
Uttam London, 
V SEVEN TWELVE THIRTY, 
v::room, 
VA VENDOME AOYAMA, 
vabelogue, 
VACATION, 
VADEL, 
Vadret Tellor, 
VAINL ARCHIVE, SASAGE
ValenTine’s High, 
VALENTINO,SASAGE※商社必須 
VALENTINO GARAVANI,SASAGE※商社必須 
valet, 
VALLEY HIGH, 
VALSTARINO, 
vanessabruno, 
vangi, 
vanilla, 
VANILLA MOON, 
VANISHING ELEPHANT, 
VANQUISH, 
VANS, SASAGE
VANS VAULT, 
VAPORIZE, 
VARAL DE MODA, 
Varde77, 
Vargas, 
VARISISTA, 
VAROSH, 
vasco, 
VAUDE, 
VAUGHAN ALEXANDER, 
Vava by Joy Han, 
VCTO, 
VELETTO, 
velikoko, 
Velnica, 
Velva Sheen, 
velvet, 
Velvet Lounge, 
VENA CAVA, 
VENCEEXCHANGE, 
VENDOME, 
vendor, 
VENERTA knitwear, 
Vera Bradley, 
VERA WANG, 
Verginia, 
Veritecoeur, 
Veronique Branquinho, 
VERSACE,SASAGE※ブランド 
VERSACE JEANS COUTURE, 
verseau par gramme’s, 
VERSUS, 
VERTEX ＆ CO., 
VERTREK, 
VERY J, 
Verybrain, 
VERYNERD, 
Vestal, 
Vestiaire, 
VETEMENTS,※遠隔査定必須B 
VETRA, 
VIA BUS STOP, 
Via Repubblica, 
VIA SPARE, 
Viaggio Blu, 
VIBGYOR, 
VIBGYOR Women, 
VICINI, 
vickchara THRONE, 
VICKY, 
VICTIM, SASAGE
VICTOR, 
VIDA＋, 
vidorreta, 
VIE, 
VIERGE, 
vihere, 
VII XII XXX SAINT TROPEZ, 
vikka, 
VIKTOR＆ROLF, 
VINCA, 
VINCE, 
VINCE CAMUTO, 
Vintage PEANUTS, 
VINTAGE55, 
VINTI ANDREWS, 
Vinyl, 
VIOLA'dORO, 
Violet Buffalo Wallows, 
Violet Hanger by Samantha Thavasa, 
VIRGO, 
Viri Dari deserta, 
VIRUS, 
ViS, 
VISARUNO, 
VISION STREET WEAR, 
VISVIM, SASAGE
VITA FEDE, 
Vita-Mix, 
VIVA ANGELINA, 
VIVAYOU, 
VIVIENNE TAM, 
Vivienne Westwood,SASAGE※商社必須 
Vivienne Westwood red label,SASAGE※商社必須 
Vivier, 
VIVIFY, 
Vlas Blomme, 
VoCE, 
Vogli, 
VOGUISH, 
voiubel006, 
VOLCOM, SASAGE
VOLT, 
volta, 
VONDEL, 
VONZIPPER, 
VOO, 
Voom, 
VOT by takashi kumagai, 
VOTE MAKE NEW CLOTHES, 
votole, 
VOUS ETES, 
VT, 
VTOPIA, 
Vulture JOURNAL STANDARD, 
W by MURUA, 
w closet, 
W LOUNGE, 
W.＆L.T., 
WA ORiental TRaffic, 
wa...lance, 
WACKO MARIA,SASAGE※フェイク注意 
WAG, 
WALK IN CLOSET, 
WALK OVER, 
WALL, 
WALLA WALLA SPORT, 
Wallet COMME des GARCONS, 
WALLSALL, 
WANDER SHOES, 
Wanderclad etc.., 
Wanderland, 
WANO NANO, 
WAREHOUSE, 
WARP AND WOOF, 
Waste(twice), 
water massage, 
Waterlily, 
WAYRG, 
WC, 
We Are, 
WE THE FREE, 
WEAR THE PHILOSOPHY, 
WECK, 
WEEJUNS, 
Weekend Max Mara, 
WELEDA, 
WELINA, 
Wendine, 
we-nge, 
wesc, 
Westwood Outfitters, 
What Goes Around Comes Around, 
WHATS NEW?, 
WHEREABOUTS, 
Whim Gazette, 
WHITE, 
WHITE HOUSE COX, 
WHITE LINE, 
WHITE MOUNTAINEERING, SASAGE
whitehorse, 
WHITELAND BLACKBURN, 
WhiteTrashCharms, 
Whiting ＆ Davis, 
WHIZ LIMITED, 
WHO'S WHO gallery, 
WhoWhat, 
WHYRED, 
Wigage, 
WILDERNESS EXPERIENCE, 
WILDFOX, 
WILDTHINGS,SASAGE
wilson,サガール
WIM NEELS, 
Win＆Sons, 
WING ROCK, 
wings+horns, 
Winter Kate, 
WIRED, 
wisdom, 
Wizzard, 
wjk, 
WJKW, 
WLG by GIORGIO BRATO, 
WOLVERINE, 
WOLVES KILL SHEEP, 
WOLY, 
WON HUNDRED, 
wonderland, 
WOOD WOOD, 
WOOLRICH,SASAGE
WOOYOUNGMI, 
WORK NOT WARK, 
WORLD BASICS, 
WORLD WIDE FAMOUS, 
WORLD WIDE LOVE!, 
WORLD WORKERS, 
WORN FREE, 
WR, 
Wrangler, 
WRAPINKNOT, 
WREN, 
WU-TANG, 
WXL, 
XAMPAGNE, 
xelle, 
XEROSEN, 
X-girl, 
xhilaration, 
XLARGE, SASAGE
XPARTYS, 
XX FOUR, 
XXⅢ C’est Vingt-Trois, 
Y.M.D.O., 
Y.M.WALTS, 
Y’s bis LIMI, SASAGE
Y’s for men, SASAGE
Y-3, SASAGE
Ya Los Angeles, 
YAB-YUM, 
YAECA,SASAGE
YAHKI, 
YAMANE,SASAGE
yantor, 
YANUK,SASAGE※商社必須 
yaponskii, 
Yarmo, 
Yasue Carter, 
Yasutoshi Ezumi, 
Yasuyuki Ishii, 
YEAH RIGHT!!, 
YEAR, 
YEAR FEW OF MY FAVORITE THINGS, 
YECCA VECCA, 
YELLOW RUBY, 
Yellow108, 
Yes I Have It!!!, 
Yiorgos Eleftheriades, 
YLANG YLANG, 
ylts, 
YMC, 
YOANA BARASCHI, 
YOBOSS, 
Yochi Design, 
Yochi NEW YORK, 
Yohji Yamamoto, SASAGE
YOKANG, 
YOKO CHAN, 
YOKO D’OR, 
yoshio kubo, 
YOSHIYUKI KONISHI, 
YOTA TOKI, 
YOU authentic, 
Youu, 
Y's, SASAGE
Y's for living, SASAGE
yu:yu:, 
yudleg, 
YUEN'TO, 
Yuge, 
YUKETEN, 
YUMA KOSHINO, 
yuni, 
yupendi, 
YURULI, 
Yves Saint Laurent, 
YVES SALOMON, 
ZAC VARGAS, 
ZADIG＆VOLTAIRE, 
ZAKEE SHARIFF, 
ZANELLATO, 
ZANEROBE, 
ZANONE, 
ZARA, 
Z-BRAND, 
zechia, 
Zegna, 
Zeha, 
ZER, 
ZERO HALLIBURTON, 
Zero Maria Cornejo, 
Zhor＆Nema, 
ZINC, 
ZINNIAS, 
ZINTALA, 
ZOE KARSSEN, 
ZONE BLEUE, 
ZOO, 
ZUCCa, 
αA, 
カオリノモリ, 
カオリノモリノコ, 
かぐれ, 
カヤ, 
ガルヴィ, 
ゴーシュ, 
こどまーく, 
サーフトリップジャーナル, 
チチカカ, 
チャイハネ, 
ナチュリラ, 
ハチガハナ, 
ピーシーアイ, 
ヒムカシ製図, 
フェリシモ, 
ふりふ, 
ブレーン, 
ペギー ラナ, 
ライチ, 
リリシズム, 
一澤信三郎帆布, 
快晴堂, 
喜一澤, 
銀座かねまつ, 
空ku, 
高蔵染, 
時しらず, 
自由区, 
女神織DENIMES, 
森野帆布, 
組曲, 
土屋鞄, 
桃太郎ジーンズ,SASAGE
南京豆印, 
卑弥呼, 
乱痴気, 
和ROBE, 
傳 tutaee, 
UNDER ARMOUR,SASAGE
東洋エンタープライズ,SASAGE
ANTI SOCIAL SOCIAL CLUB, SASAGE
M+RC, SASAGE
論理, SASAGE
葵産業, 
BLACK EYE PATCH, SASAGE
c.e., SASAGE
FAGASSENT, 
ALYX, SASAGE
A-COLD-WALL, SASAGE
roarguns, SASAGE
JOHN ELLIOTT, SASAGE
ELVIRA, SASAGE
PALM ANGELS,SASAGE※フェイク注意 
Y'2 LEATHER,SASAGE
BLACK LABEL CRESTBRIDGE, SASAGE
CASEY-CASEY,SASAGE
THE ELDER STATESMAN, 
Andersen-Andersen,SASAGE
BROWNS BEACH,SASAGE
RESOUND CLOTHING, 
KITH, SASAGE
RSVP, 
IRON HEART,SASAGE
BROWN by 2-tacs, 
77CIRCA, SASAGE
RRL,SASAGE
RUGBY, SASAGE
Crescent Down Works, 
Girl's Don't Cry, 
BLACK SIGN, SASAGE
BAGARCH, 
OUTERKNOWN, 
MARTINE ROSE, 
JERRY PINK, 
JOHN'S BY JOHNNY, 
PSYCHO WORKS, 
CHERRY PICK, 
ROLLING CRADLE, SASAGE
MAGICAL MOSH MISFITS, SASAGE
BRAIN DEAD, SASAGE
Cropped Heads, 
THE FLAT HEAD,SASAGE
BIONICMAN, SASAGE
VANSON,SASAGE
AIE,SASAGE
seven by seven, SASAGE
WEIRDO,SASAGE
GOLF WANG, 
RIP N DIP, SASAGE
KNOW WAVE, SASAGE
CUSHMAN,SASAGE
GANGSTERVILLE,SASAGE
dreamteam, SASAGE
reyn spooner,SASAGE
graphpaper,SASAGE
essay, SASAGE
YOKE, SASAGE
SCOTCH＆SODA, SASAGE
who what, 
deeTA, 
SALVY, 
GUESS, 
POLAR, SASAGE
PLEASURES, SASAGE
gosha rubchinskiy, SASAGE
WEST RIDE,SASAGE
EPTM., 
BUCO,SASAGE
FLAGSTUFF, SASAGE
TED COMPANY,SASAGE
LEFLAH, 
FIRST DOWN,SASAGE
cream soda,SASAGE
or slow,SASAGE
STOP LIGHT,※遠隔査定必須B 
VETEMENS,※取り扱い中止 
Cody Sanderson,※遠隔査定必須B 
PABRO,※取り扱い中止 
HOOD BY AIR HBA,※取り扱い中止 
F.O.G（全ライン）,※取り扱い中止 
WOLF’S HEAD,※遠隔査定必須B 
NOAH,SASAGE※遠隔査定必須B 
ALEX STREETER,※遠隔査定必須B 
Thomas･Curtis,※遠隔査定必須B 
Emie･Lister,※取り扱い中止 
henry high class Milano,※取り扱い中止 
PALACE Skateboards,SASAGE※商社必須 
424-FourTwoFour on Fairtax,※取り扱い中止 
READY MADE,※取り扱い中止 
VLONE,※フェイク注意 
WHIMSY,※フェイク注意 
ESSENTIALS FEAR OF GOD,※買取禁止 
MameKurogouchi, 
DAIRIKU, SASAGE
FREEWHEELERS,SASAGE
DESCENDANT, SASAGE
AMERI, SASAGE
CLANE, 
CFCL, 
kotohayokozawa, 
MAISON SPECIAL, SASAGE
rokh, 
toogood, SASAGE
PLAN C, 
Acne Studios,SASAGE※商社必須 
TOM WOOD, 
SEEALL, SASAGE
ATON,SASAGE
LEMAIRE, SASAGE
INSCRIRE, 
PHOTOCOPIEU, 
UN3D., 
Kota Gushiken, 
FETICO, 
Ujoh, 
Rito, 
Aeta, 
CULLNI, SASAGE
EBONY, 
ELIN, 
ELENDEEK, 
GANNI, SASAGE
Keboz,SASAGE※フェイク注意 
AbuGarcia,SASAGE
CIOTA,SASAGE
DAIWA PIER39, SASAGE
FreshService,SASAGE
GOLDWIN,SASAGE
HEUGN, SASAGE
SHINYAKOZUKA, SASAGE
icebreaker,サガール
Jutta Neumann, 
NICENESS, SASAGE
on, 
OUTIL,SASAGE
POLYPLOID, SASAGE
retaW, 
SAINT MICHAEL,SASAGE※フェイク注意 
SALOMON, 
stein, SASAGE
SUGARHILL, SASAGE
TANGTANG, SASAGE
TELIC, 
Ten c, SASAGE
1017 ALYX 9SM,※フェイク注意 ※原産国表必須
ALMOSTBLACK, SASAGE
AMIRI, SASAGE
AMI paris, SASAGE
CAREERING, 
CLOT, 
Heron Preston, SASAGE
Martine Roe, 
MASU, SASAGE
Midorikawa, SASAGE
mindseeker, SASAGE
PACCBET, SASAGE
SOSHIOTSUKI, SASAGE
sulvam, SASAGE
Tamme, 
TIGHTBOOTH, SASAGE
thisisneverthat, SASAGE
HIDAKA, 
Lewis Leathers,SASAGE※フェイク注意 
F.A.L, 
A FEW GOOD KIDS,SASAGE※フェイク注意 
Paragraph,SASAGE※フェイク注意 
ennoy, SASAGE
Left Alone, 
A PRESSE, 
PERVERZE, 
AVALON, 
BLANC, 
Aloha Blossom, 
UNDERSON UNDERSON, 
E.TAUTZ,SASAGE
th product, SASAGE
EMMETI, 
ace., 
FUMITO GANRYU, SASAGE
FUMIE=TANAKA, 
MURRAL, 
OAMC, SASAGE
OOFOS, 
CASABLANCA, SASAGE
kolor BEACON, SASAGE
BLACKMEANS, 
BOW WOW, 
CABaN, SASAGE
Evisen, SASAGE
CAMIEL FORTGENS, SASAGE
GREG LAUREN,SASAGE※遠隔査定必須B 
Juun.J, 
Just Don, 
kujaku, 
COMME CA MEN, 
COMME CA ISM, 
COLIMBO,SASAGE
chocol raffine, 
SUNSPEL, SASAGE
SANDERS, 
SHOOP, SASAGE
C.P.Company,SASAGE※フェイク注意 
JOHN LOBB, 
ROLLING DUB TRIO, 
STUDIO NICHOLSON,SASAGE
KUMIKYOKU, 
BAOBAO ISSEY MIYAKE,※商社必須 ※フェイク注意
PINK HOUSE, 
BLUE LABEL CRESTBRIDGE,※商社必須 
HERILL, SASAGE
BASICKS, 
TOKYO SANDALS, 
NAMACHEKO., 
999.9, 
YOAK, 
RIM.ARK, 
Coleman,サガール
SEQUEL, 
ONE PIECE OF ROCK,SASAGE
POET MEETS DUBWISE, 
Drole de Monsieur, 
one way, 
LOS ANGELES APPAREL, 
Cactus Jack,※フェイク注意 
YSTRDY'S TMRRW, 
CUNE,SASAGE
:CASE, 
PUBLIC TOKYO,SASAGE
HED MAYNER, 
6 ROKU,SASAGE
EXAMPLE, 
SeaRoomlynn, 
WIND AND SEA, SASAGE
TTT_MSW, 
SSZ,SASAGE
AMERICAN HOLIC, 
DHOLIC, 
GRL, 
SHEIN, 
ENFANTS RICHES？DEPRIMES,※フェイク注意 
JUSTIN BIEBER（GILDAN）,※取り扱い中止 
GORO'S,※遠隔査定必須B 
FEAR OF GOD,※取り扱い中止 
blurhms, 
GOD SELECTION XXX, 
Gabor,※取り扱い中止 
Gaboratory,※取り扱い中止 
CRAZY PIG,※ギャラ必須 
A＆G,※ギャラ必須 
Leonard Kamhout,※ギャラ必須 
STERLINGEAR,※ギャラ必須 
STANLYGUESS,※ギャラ必須 
BIG HAND,※ギャラ必須 
THE GREAT FROG,※ギャラ必須 
CVTVLIST,SASAGE※遠隔査定必須B 
LUMINOX,※T25表記必須 
guepard, 
NEAT, 
WHITE'S, 
ZEPPELIN, 
Lesca, 
MINEDENIM, 
MOSCOT,※フェイク注意 
EYEVAN, 
PYRENEX, 
TAGLIATORE, 
WILD SWANS, 
SARTORIA LATORRE, 
ORGUEIL, 
DEAL DESIGN, 
amachi., 
SAPeur,※フェイク注意 
MAATEE＆SONS, 
FR2, 
HOKA ONE ONE, 
GALLERY DEPT,※フェイク注意 
ciatre,SASAGE
kappa, 
WESCO, 
NANGA, 
MYKITA, 
REPRODUCTION OF FOUND, 
NEPLA, 
LOEFF, 
COCOLO BLAND, 
O project, 
SKOOKUM,SASAGE
9090, 
OY, 
WALES BONNER, 
Cookman,SASAGE
OVERCOAT, 
Riprap, 
drew house,※フェイク注意 
mitchell&ness,※フェイク注意 
Omar Afridi, 
MONTBLANC,※ブランド 
OLD･VINTAGE, 
泰八郎謹製,※フェイク注意 
umbro, 
Blanc YM, 
F/CE., 
LONELY論理, 
Younger Song, 
４７ BRAND, 
Kutir, 
RADIATE, 
FILL THE BILL, 
Mark Gonzales, 
CAPTAIN SANTA,SASAGE
CAPTAIN STAG, 
Atlantic STARS, 
SANTA CRUZ, 
ANCELLM, 
FIRST ARROW's, 
Ground Y, 
Hellrazor, 
tady & king, 
VAN JAC,SASAGE
BoTT, 
Sillage, 
UES, 
YASHIKI, 
DOG TOWN, 
ADSR, 
SANGACIO, 
Saby, 
CHAPS, 
YOSUKE, 
Scoler, 
LAND'S END, 
meanswhile, 
LITTLEBIG, 
CAMP7, 
Dior,※ブランド 
mizuiroind, 
mnml, 
holk, 
rovtski, 
ellesse, 
TOYS McCOY,SASAGE
OSH KOSH, 
ALZUNI, 
KC'S, 
UNIVERSAL OVERALL,SASAGE
RADEYMADE,SASAGE※遠隔査定必須B 
CHROME HEARTS CAP EYEWEAR 金ﾌﾟﾗﾁﾅ,※遠隔査定必須B 
Argent（あるじゃん）,※遠隔査定必須B 
